data,hora,radiacao_global
2023-01-01,0900 UTC,
2023-01-01,1000 UTC,262.0
2023-01-01,1100 UTC,
2023-01-01,1200 UTC,
2023-01-01,1300 UTC,1124.0
2023-01-01,1400 UTC,
2023-01-01,1500 UTC,
2023-01-01,1600 UTC,
2023-01-01,1700 UTC,
2023-01-01,1800 UTC,
2023-01-01,1900 UTC,
2023-01-01,2000 UTC,
2023-01-01,2100 UTC,
2023-01-01,2200 UTC,
2023-01-02,0900 UTC,
2023-01-02,1000 UTC,
2023-01-02,1100 UTC,
2023-01-02,1200 UTC,
2023-01-02,1300 UTC,
2023-01-02,1400 UTC,
2023-01-02,1500 UTC,
2023-01-02,1600 UTC,
2023-01-02,1700 UTC,
2023-01-02,1800 UTC,
2023-01-02,1900 UTC,
2023-01-02,2000 UTC,
2023-01-02,2100 UTC,136.0
2023-01-02,2200 UTC,
2023-01-03,0900 UTC,
2023-01-03,1000 UTC,109.0
2023-01-03,1100 UTC,
2023-01-03,1200 UTC,878.0
2023-01-03,1300 UTC,1615.0
2023-01-03,1400 UTC,
2023-01-03,1500 UTC,
2023-01-03,1600 UTC,
2023-01-03,1700 UTC,
2023-01-03,1800 UTC,
2023-01-03,1900 UTC,
2023-01-03,2000 UTC,
2023-01-03,2100 UTC,
2023-01-03,2200 UTC,
2023-01-04,0900 UTC,
2023-01-04,1000 UTC,
2023-01-04,1100 UTC,
2023-01-04,1200 UTC,
2023-01-04,1300 UTC,
2023-01-04,1400 UTC,
2023-01-04,1500 UTC,
2023-01-04,1600 UTC,
2023-01-04,1700 UTC,
2023-01-04,1800 UTC,
2023-01-04,1900 UTC,
2023-01-04,2000 UTC,
2023-01-04,2100 UTC,
2023-01-04,2200 UTC,
2023-01-05,0900 UTC,
2023-01-05,1000 UTC,208.0
2023-01-05,1100 UTC,
2023-01-05,1200 UTC,
2023-01-05,1300 UTC,
2023-01-05,1600 UTC,
2023-01-05,1700 UTC,
2023-01-05,1800 UTC,
2023-01-05,1900 UTC,
2023-01-05,2000 UTC,
2023-01-05,2100 UTC,
2023-01-05,2200 UTC,
2023-01-06,1000 UTC,
2023-01-06,1100 UTC,
2023-01-06,1200 UTC,
2023-01-06,1300 UTC,
2023-01-06,1400 UTC,
2023-01-06,1500 UTC,
2023-01-06,1600 UTC,
2023-01-06,1700 UTC,
2023-01-06,1800 UTC,1191.0
2023-01-06,1900 UTC,
2023-01-06,2000 UTC,
2023-01-06,2100 UTC,
2023-01-06,2200 UTC,
2023-01-07,1000 UTC,
2023-01-07,1100 UTC,
2023-01-07,1200 UTC,
2023-01-07,1300 UTC,
2023-01-07,1400 UTC,
2023-01-07,1500 UTC,
2023-01-07,1600 UTC,
2023-01-07,1700 UTC,
2023-01-07,1800 UTC,
2023-01-07,1900 UTC,
2023-01-07,2000 UTC,1125.0
2023-01-07,2100 UTC,
2023-01-07,2200 UTC,
2023-01-08,1000 UTC,
2023-01-08,1100 UTC,811.0
2023-01-08,1200 UTC,
2023-01-08,1300 UTC,
2023-01-08,1400 UTC,
2023-01-08,1500 UTC,
2023-01-08,1600 UTC,
2023-01-08,1700 UTC,
2023-01-08,1800 UTC,
2023-01-08,1900 UTC,
2023-01-08,2000 UTC,
2023-01-08,2100 UTC,
2023-01-08,2200 UTC,
2023-01-09,1000 UTC,
2023-01-09,1100 UTC,
2023-01-09,1200 UTC,
2023-01-09,1300 UTC,
2023-01-09,1400 UTC,2527.0
2023-01-09,1500 UTC,
2023-01-09,1600 UTC,
2023-01-09,1700 UTC,
2023-01-09,1800 UTC,
2023-01-09,1900 UTC,335.0
2023-01-09,2000 UTC,
2023-01-09,2100 UTC,
2023-01-09,2200 UTC,
2023-01-10,1000 UTC,304.0
2023-01-10,1100 UTC,1127.0
2023-01-10,1200 UTC,
2023-01-10,1300 UTC,
2023-01-10,1400 UTC,
2023-01-10,1500 UTC,
2023-01-10,1600 UTC,
2023-01-10,1700 UTC,
2023-01-10,1800 UTC,
2023-01-10,1900 UTC,
2023-01-10,2000 UTC,
2023-01-10,2100 UTC,
2023-01-10,2200 UTC,
2023-01-11,1000 UTC,
2023-01-11,1100 UTC,
2023-01-11,1200 UTC,
2023-01-11,1300 UTC,
2023-01-11,1400 UTC,
2023-01-11,1500 UTC,
2023-01-11,1600 UTC,
2023-01-11,1700 UTC,2769.0
2023-01-11,1800 UTC,
2023-01-11,1900 UTC,
2023-01-11,2000 UTC,229.0
2023-01-11,2100 UTC,
2023-01-11,2200 UTC,
2023-01-12,1000 UTC,
2023-01-12,1100 UTC,
2023-01-12,1200 UTC,
2023-01-12,1300 UTC,2010.0
2023-01-12,1400 UTC,
2023-01-12,1500 UTC,
2023-01-12,1600 UTC,
2023-01-12,1700 UTC,
2023-01-12,1800 UTC,
2023-01-12,1900 UTC,
2023-01-12,2000 UTC,
2023-01-12,2100 UTC,
2023-01-12,2200 UTC,
2023-01-13,1000 UTC,
2023-01-13,1100 UTC,
2023-01-13,1200 UTC,
2023-01-13,1300 UTC,
2023-01-13,1400 UTC,1701.0
2023-01-13,1500 UTC,2613.0
2023-01-13,1600 UTC,
2023-01-13,1700 UTC,
2023-01-13,1800 UTC,
2023-01-13,1900 UTC,
2023-01-13,2000 UTC,197.0
2023-01-13,2100 UTC,
2023-01-13,2200 UTC,
2023-01-14,1000 UTC,
2023-01-14,1100 UTC,
2023-01-14,1200 UTC,
2023-01-14,1300 UTC,
2023-01-14,1400 UTC,
2023-01-14,1500 UTC,
2023-01-14,1600 UTC,
2023-01-14,1700 UTC,
2023-01-14,1800 UTC,
2023-01-14,1900 UTC,
2023-01-14,2000 UTC,
2023-01-14,2100 UTC,
2023-01-14,2200 UTC,
2023-01-15,1000 UTC,
2023-01-15,1100 UTC,
2023-01-15,1200 UTC,
2023-01-15,1300 UTC,
2023-01-15,1400 UTC,
2023-01-15,1500 UTC,
2023-01-15,1600 UTC,
2023-01-15,1700 UTC,
2023-01-15,1800 UTC,
2023-01-15,1900 UTC,
2023-01-15,2000 UTC,
2023-01-15,2100 UTC,
2023-01-15,2200 UTC,
2023-01-16,1000 UTC,
2023-01-16,1100 UTC,
2023-01-16,1200 UTC,
2023-01-16,1300 UTC,
2023-01-16,1400 UTC,
2023-01-16,1500 UTC,
2023-01-16,1600 UTC,
2023-01-16,1700 UTC,
2023-01-16,1800 UTC,
2023-01-16,1900 UTC,
2023-01-16,2000 UTC,
2023-01-16,2100 UTC,
2023-01-16,2200 UTC,
2023-01-17,0900 UTC,
2023-01-17,1000 UTC,
2023-01-17,1100 UTC,
2023-01-17,1200 UTC,
2023-01-17,1300 UTC,
2023-01-17,1400 UTC,
2023-01-17,1500 UTC,
2023-01-17,1600 UTC,
2023-01-17,1700 UTC,
2023-01-17,1800 UTC,
2023-01-17,1900 UTC,
2023-01-17,2000 UTC,
2023-01-17,2100 UTC,
2023-01-17,2200 UTC,
2023-01-18,1000 UTC,
2023-01-18,1100 UTC,
2023-01-18,1200 UTC,
2023-01-18,1300 UTC,
2023-01-18,1400 UTC,
2023-01-18,1500 UTC,2941.0
2023-01-18,1600 UTC,
2023-01-18,1700 UTC,
2023-01-18,1800 UTC,938.0
2023-01-18,1900 UTC,
2023-01-18,2000 UTC,
2023-01-18,2100 UTC,
2023-01-18,2200 UTC,
2023-01-19,1000 UTC,
2023-01-19,1100 UTC,
2023-01-19,1200 UTC,
2023-01-19,1300 UTC,
2023-01-19,1400 UTC,
2023-01-19,1500 UTC,
2023-01-19,1600 UTC,3839.0
2023-01-19,1700 UTC,
2023-01-19,1800 UTC,3509.0
2023-01-19,1900 UTC,
2023-01-19,2000 UTC,
2023-01-19,2100 UTC,
2023-01-19,2200 UTC,
2023-01-20,1000 UTC,
2023-01-20,1100 UTC,
2023-01-20,1200 UTC,1708.0
2023-01-20,1300 UTC,
2023-01-20,1400 UTC,
2023-01-20,1500 UTC,
2023-01-20,1600 UTC,
2023-01-20,1700 UTC,
2023-01-20,1800 UTC,
2023-01-20,1900 UTC,
2023-01-20,2000 UTC,487.0
2023-01-20,2100 UTC,
2023-01-20,2200 UTC,
2023-01-21,1000 UTC,
2023-01-21,1100 UTC,
2023-01-21,1200 UTC,
2023-01-21,1300 UTC,
2023-01-21,1400 UTC,
2023-01-21,1500 UTC,
2023-01-21,1600 UTC,
2023-01-21,1700 UTC,
2023-01-21,1800 UTC,
2023-01-21,1900 UTC,
2023-01-21,2000 UTC,892.0
2023-01-21,2100 UTC,
2023-01-21,2200 UTC,
2023-01-22,1000 UTC,
2023-01-22,1100 UTC,
2023-01-22,1200 UTC,
2023-01-22,1300 UTC,
2023-01-22,1400 UTC,
2023-01-22,1500 UTC,
2023-01-22,1600 UTC,
2023-01-22,1700 UTC,
2023-01-22,1800 UTC,
2023-01-22,1900 UTC,
2023-01-22,2000 UTC,
2023-01-22,2100 UTC,
2023-01-22,2200 UTC,
2023-01-23,1000 UTC,
2023-01-23,1100 UTC,
2023-01-23,1200 UTC,
2023-01-23,1300 UTC,
2023-01-23,1400 UTC,2164.0
2023-01-23,1500 UTC,
2023-01-23,1600 UTC,
2023-01-23,1700 UTC,
2023-01-23,1800 UTC,
2023-01-23,1900 UTC,
2023-01-23,2000 UTC,
2023-01-23,2100 UTC,
2023-01-23,2200 UTC,
2023-01-24,1000 UTC,
2023-01-24,1100 UTC,
2023-01-24,1200 UTC,
2023-01-24,1300 UTC,
2023-01-24,1400 UTC,
2023-01-24,1500 UTC,
2023-01-24,1600 UTC,
2023-01-24,1700 UTC,
2023-01-24,1800 UTC,2521.0
2023-01-24,1900 UTC,
2023-01-24,2000 UTC,1065.0
2023-01-24,2100 UTC,
2023-01-24,2200 UTC,
2023-01-25,1000 UTC,
2023-01-25,1100 UTC,346.0
2023-01-25,1200 UTC,
2023-01-25,1300 UTC,
2023-01-25,1400 UTC,
2023-01-25,1500 UTC,
2023-01-25,1600 UTC,
2023-01-25,1700 UTC,1575.0
2023-01-25,1800 UTC,
2023-01-25,1900 UTC,
2023-01-25,2000 UTC,
2023-01-25,2100 UTC,
2023-01-25,2200 UTC,
2023-01-26,1000 UTC,
2023-01-26,1100 UTC,
2023-01-26,1200 UTC,
2023-01-26,1300 UTC,
2023-01-26,1400 UTC,
2023-01-26,1500 UTC,
2023-01-26,1600 UTC,
2023-01-26,1700 UTC,
2023-01-26,1800 UTC,
2023-01-26,1900 UTC,
2023-01-26,2000 UTC,
2023-01-26,2100 UTC,
2023-01-26,2200 UTC,6.0
2023-01-27,1000 UTC,
2023-01-27,1100 UTC,
2023-01-27,1200 UTC,
2023-01-27,1300 UTC,
2023-01-27,1400 UTC,
2023-01-27,1500 UTC,
2023-01-27,1600 UTC,
2023-01-27,1700 UTC,
2023-01-27,1800 UTC,
2023-01-27,1900 UTC,
2023-01-27,2000 UTC,
2023-01-27,2100 UTC,
2023-01-27,2200 UTC,
2023-01-28,1000 UTC,
2023-01-28,1100 UTC,
2023-01-28,1200 UTC,
2023-01-28,1300 UTC,
2023-01-28,1400 UTC,2140.0
2023-01-28,1500 UTC,
2023-01-28,1600 UTC,
2023-01-28,1700 UTC,
2023-01-28,1800 UTC,
2023-01-28,1900 UTC,
2023-01-28,2000 UTC,
2023-01-28,2100 UTC,994.0
2023-01-28,2200 UTC,65.0
2023-01-29,1000 UTC,
2023-01-29,1100 UTC,
2023-01-29,1200 UTC,
2023-01-29,1300 UTC,
2023-01-29,1400 UTC,
2023-01-29,1500 UTC,
2023-01-29,1600 UTC,
2023-01-29,1700 UTC,
2023-01-29,1800 UTC,
2023-01-29,1900 UTC,
2023-01-29,2000 UTC,
2023-01-29,2100 UTC,
2023-01-29,2200 UTC,
2023-01-30,1000 UTC,
2023-01-30,1100 UTC,895.0
2023-01-30,1200 UTC,
2023-01-30,1300 UTC,
2023-01-30,1400 UTC,
2023-01-30,1500 UTC,
2023-01-30,1600 UTC,
2023-01-30,1700 UTC,
2023-01-30,1800 UTC,
2023-01-30,1900 UTC,
2023-01-30,2000 UTC,
2023-01-30,2100 UTC,
2023-01-30,2200 UTC,
2023-01-31,1000 UTC,
2023-01-31,1100 UTC,
2023-01-31,1200 UTC,
2023-01-31,1300 UTC,
2023-01-31,1400 UTC,
2023-01-31,1500 UTC,2470.0
2023-01-31,1600 UTC,
2023-01-31,1700 UTC,
2023-01-31,1800 UTC,
2023-01-31,1900 UTC,
2023-01-31,2000 UTC,
2023-01-31,2100 UTC,
2023-01-31,2200 UTC,
2023-02-01,1000 UTC,
2023-02-01,1100 UTC,
2023-02-01,1200 UTC,1531.0
2023-02-01,1300 UTC,
2023-02-01,1400 UTC,2779.0
2023-02-01,1500 UTC,
2023-02-01,1600 UTC,
2023-02-01,1700 UTC,
2023-02-01,1800 UTC,2428.0
2023-02-01,1900 UTC,1885.0
2023-02-01,2000 UTC,
2023-02-01,2100 UTC,
2023-02-01,2200 UTC,
2023-02-02,1000 UTC,
2023-02-02,1100 UTC,
2023-02-02,1200 UTC,
2023-02-02,1300 UTC,
2023-02-02,1400 UTC,
2023-02-02,1500 UTC,2965.0
2023-02-02,1600 UTC,3229.0
2023-02-02,1700 UTC,
2023-02-02,1800 UTC,
2023-02-02,1900 UTC,
2023-02-02,2000 UTC,
2023-02-02,2100 UTC,237.0
2023-02-02,2200 UTC,
2023-02-03,1000 UTC,
2023-02-03,1100 UTC,
2023-02-03,1200 UTC,
2023-02-03,1300 UTC,
2023-02-03,1400 UTC,
2023-02-03,1500 UTC,
2023-02-03,1600 UTC,
2023-02-03,1700 UTC,
2023-02-03,1800 UTC,
2023-02-03,1900 UTC,
2023-02-03,2000 UTC,
2023-02-03,2100 UTC,188.0
2023-02-03,2200 UTC,
2023-02-04,1000 UTC,
2023-02-04,1100 UTC,821.0
2023-02-04,1200 UTC,
2023-02-04,1300 UTC,
2023-02-04,1400 UTC,
2023-02-04,1500 UTC,
2023-02-04,1600 UTC,
2023-02-04,1700 UTC,
2023-02-04,1800 UTC,
2023-02-04,1900 UTC,942.0
2023-02-04,2000 UTC,
2023-02-04,2100 UTC,
2023-02-04,2200 UTC,
2023-02-05,1000 UTC,
2023-02-05,1100 UTC,315.0
2023-02-05,1200 UTC,
2023-02-05,1300 UTC,
2023-02-05,1400 UTC,
2023-02-05,1500 UTC,
2023-02-05,1600 UTC,
2023-02-05,1700 UTC,
2023-02-05,1800 UTC,
2023-02-05,1900 UTC,
2023-02-05,2000 UTC,1296.0
2023-02-05,2100 UTC,
2023-02-05,2200 UTC,
2023-02-06,1000 UTC,
2023-02-06,1100 UTC,
2023-02-06,1200 UTC,
2023-02-06,1300 UTC,
2023-02-06,1400 UTC,
2023-02-06,1500 UTC,1705.0
2023-02-06,1600 UTC,
2023-02-06,1700 UTC,333.0
2023-02-06,1800 UTC,
2023-02-06,1900 UTC,
2023-02-06,2000 UTC,
2023-02-06,2100 UTC,
2023-02-06,2200 UTC,
2023-02-07,1000 UTC,
2023-02-07,1100 UTC,
2023-02-07,1200 UTC,
2023-02-07,1300 UTC,1730.0
2023-02-07,1400 UTC,
2023-02-07,1500 UTC,
2023-02-07,1600 UTC,
2023-02-07,1700 UTC,
2023-02-07,1800 UTC,
2023-02-07,1900 UTC,
2023-02-07,2000 UTC,968.0
2023-02-07,2100 UTC,403.0
2023-02-07,2200 UTC,
2023-02-08,1000 UTC,
2023-02-08,1100 UTC,
2023-02-08,1200 UTC,
2023-02-08,1300 UTC,
2023-02-08,1400 UTC,
2023-02-08,1500 UTC,
2023-02-08,1600 UTC,2722.0
2023-02-08,1700 UTC,
2023-02-08,1800 UTC,
2023-02-08,1900 UTC,
2023-02-08,2000 UTC,
2023-02-08,2100 UTC,
2023-02-08,2200 UTC,
2023-02-09,1000 UTC,
2023-02-09,1100 UTC,
2023-02-09,1200 UTC,
2023-02-09,1300 UTC,
2023-02-09,1400 UTC,2673.0
2023-02-09,1500 UTC,
2023-02-09,1600 UTC,
2023-02-09,1700 UTC,
2023-02-09,1800 UTC,
2023-02-09,1900 UTC,
2023-02-09,2000 UTC,
2023-02-09,2100 UTC,
2023-02-09,2200 UTC,7.0
2023-02-10,1000 UTC,
2023-02-10,1100 UTC,
2023-02-10,1200 UTC,
2023-02-10,1300 UTC,
2023-02-10,1400 UTC,
2023-02-10,1500 UTC,
2023-02-10,1600 UTC,
2023-02-10,1700 UTC,
2023-02-10,1800 UTC,
2023-02-10,1900 UTC,
2023-02-10,2000 UTC,
2023-02-10,2100 UTC,
2023-02-10,2200 UTC,
2023-02-11,1000 UTC,
2023-02-11,1100 UTC,
2023-02-11,1200 UTC,1769.0
2023-02-11,1300 UTC,2418.0
2023-02-11,1400 UTC,2539.0
2023-02-11,1500 UTC,3291.0
2023-02-11,1600 UTC,
2023-02-11,1700 UTC,
2023-02-11,1800 UTC,
2023-02-11,1900 UTC,
2023-02-11,2000 UTC,
2023-02-11,2100 UTC,
2023-02-11,2200 UTC,2.0
2023-02-12,1000 UTC,
2023-02-12,1100 UTC,
2023-02-12,1200 UTC,
2023-02-12,1300 UTC,
2023-02-12,1400 UTC,
2023-02-12,1500 UTC,
2023-02-12,1600 UTC,
2023-02-12,1700 UTC,
2023-02-12,1800 UTC,
2023-02-12,1900 UTC,1484.0
2023-02-12,2000 UTC,
2023-02-12,2100 UTC,
2023-02-12,2200 UTC,
2023-02-13,1000 UTC,
2023-02-13,1100 UTC,
2023-02-13,1200 UTC,
2023-02-13,1300 UTC,
2023-02-13,1400 UTC,
2023-02-13,1500 UTC,
2023-02-13,1600 UTC,
2023-02-13,1700 UTC,
2023-02-13,1800 UTC,
2023-02-13,1900 UTC,
2023-02-13,2000 UTC,
2023-02-13,2100 UTC,
2023-02-13,2200 UTC,
2023-02-14,1000 UTC,
2023-02-14,1100 UTC,
2023-02-14,1200 UTC,
2023-02-14,1300 UTC,
2023-02-14,1400 UTC,
2023-02-14,1500 UTC,
2023-02-14,1600 UTC,
2023-02-14,1700 UTC,
2023-02-14,1800 UTC,
2023-02-14,1900 UTC,
2023-02-14,2000 UTC,
2023-02-14,2100 UTC,
2023-02-14,2200 UTC,
2023-02-15,1000 UTC,
2023-02-15,1100 UTC,
2023-02-15,1200 UTC,
2023-02-15,1300 UTC,
2023-02-15,1400 UTC,
2023-02-15,1500 UTC,
2023-02-15,1600 UTC,
2023-02-15,1700 UTC,
2023-02-15,1800 UTC,
2023-02-15,1900 UTC,
2023-02-15,2000 UTC,
2023-02-15,2100 UTC,
2023-02-15,2200 UTC,
2023-02-16,1000 UTC,
2023-02-16,1100 UTC,
2023-02-16,1200 UTC,1730.0
2023-02-16,1300 UTC,
2023-02-16,1400 UTC,
2023-02-16,1500 UTC,
2023-02-16,1600 UTC,
2023-02-16,1700 UTC,
2023-02-16,1800 UTC,
2023-02-16,1900 UTC,
2023-02-16,2000 UTC,
2023-02-16,2100 UTC,
2023-02-16,2200 UTC,
2023-02-17,1000 UTC,
2023-02-17,1100 UTC,
2023-02-17,1200 UTC,
2023-02-17,1300 UTC,
2023-02-17,1400 UTC,
2023-02-17,1500 UTC,
2023-02-17,1600 UTC,
2023-02-17,1700 UTC,
2023-02-17,1800 UTC,
2023-02-17,1900 UTC,
2023-02-17,2000 UTC,
2023-02-17,2100 UTC,
2023-02-17,2200 UTC,74.0
2023-02-18,1000 UTC,
2023-02-18,1100 UTC,
2023-02-18,1200 UTC,
2023-02-18,1300 UTC,
2023-02-18,1400 UTC,
2023-02-18,1500 UTC,
2023-02-18,1600 UTC,
2023-02-18,1700 UTC,
2023-02-18,1800 UTC,
2023-02-18,1900 UTC,
2023-02-18,2000 UTC,
2023-02-18,2100 UTC,
2023-02-18,2200 UTC,
2023-02-19,1000 UTC,
2023-02-19,1100 UTC,
2023-02-19,1200 UTC,
2023-02-19,1300 UTC,
2023-02-19,1400 UTC,
2023-02-19,1500 UTC,
2023-02-19,1600 UTC,
2023-02-19,1700 UTC,3628.0
2023-02-19,1800 UTC,
2023-02-19,1900 UTC,
2023-02-19,2000 UTC,
2023-02-19,2100 UTC,
2023-02-19,2200 UTC,
2023-02-20,1000 UTC,
2023-02-20,1100 UTC,
2023-02-20,1200 UTC,
2023-02-20,1300 UTC,
2023-02-20,1400 UTC,
2023-02-20,1500 UTC,
2023-02-20,1600 UTC,
2023-02-20,1700 UTC,
2023-02-20,1800 UTC,
2023-02-20,1900 UTC,2686.0
2023-02-20,2000 UTC,
2023-02-20,2100 UTC,
2023-02-20,2200 UTC,
2023-02-21,1000 UTC,
2023-02-21,1100 UTC,
2023-02-21,1200 UTC,
2023-02-21,1300 UTC,
2023-02-21,1400 UTC,
2023-02-21,1500 UTC,
2023-02-21,1600 UTC,
2023-02-21,1700 UTC,
2023-02-21,1800 UTC,
2023-02-21,1900 UTC,
2023-02-21,2000 UTC,
2023-02-21,2100 UTC,31.0
2023-02-22,1000 UTC,
2023-02-22,1100 UTC,
2023-02-22,1200 UTC,
2023-02-22,1300 UTC,
2023-02-22,1400 UTC,
2023-02-22,1500 UTC,
2023-02-22,1600 UTC,
2023-02-22,1700 UTC,
2023-02-22,1800 UTC,
2023-02-22,1900 UTC,
2023-02-22,2000 UTC,
2023-02-22,2100 UTC,
2023-02-22,2200 UTC,
2023-02-23,1000 UTC,
2023-02-23,1100 UTC,
2023-02-23,1200 UTC,
2023-02-23,1300 UTC,
2023-02-23,1400 UTC,3156.0
2023-02-23,1500 UTC,
2023-02-23,1600 UTC,
2023-02-23,1700 UTC,
2023-02-23,1800 UTC,
2023-02-23,1900 UTC,
2023-02-23,2000 UTC,
2023-02-23,2100 UTC,
2023-02-24,1000 UTC,
2023-02-24,1100 UTC,
2023-02-24,1200 UTC,
2023-02-24,1300 UTC,
2023-02-24,1400 UTC,
2023-02-24,1500 UTC,
2023-02-24,1600 UTC,
2023-02-24,1700 UTC,
2023-02-24,1800 UTC,
2023-02-24,1900 UTC,
2023-02-24,2000 UTC,
2023-02-24,2100 UTC,
2023-02-25,1000 UTC,
2023-02-25,1100 UTC,
2023-02-25,1200 UTC,
2023-02-25,1300 UTC,
2023-02-25,1400 UTC,
2023-02-25,1500 UTC,
2023-02-25,1600 UTC,
2023-02-25,1700 UTC,
2023-02-25,1800 UTC,
2023-02-25,1900 UTC,
2023-02-25,2000 UTC,
2023-02-25,2100 UTC,
2023-02-25,2200 UTC,
2023-02-26,1000 UTC,
2023-02-26,1100 UTC,
2023-02-26,1200 UTC,
2023-02-26,1300 UTC,
2023-02-26,1400 UTC,
2023-02-26,1500 UTC,
2023-02-26,1600 UTC,
2023-02-26,1700 UTC,
2023-02-26,1800 UTC,
2023-02-26,1900 UTC,
2023-02-26,2000 UTC,
2023-02-26,2100 UTC,
2023-02-26,2200 UTC,
2023-02-27,1000 UTC,
2023-02-27,1100 UTC,
2023-02-27,1200 UTC,
2023-02-27,1300 UTC,
2023-02-27,1400 UTC,
2023-02-27,1500 UTC,
2023-02-27,1600 UTC,2128.0
2023-02-27,1700 UTC,
2023-02-27,1800 UTC,
2023-02-27,1900 UTC,
2023-02-27,2000 UTC,
2023-02-27,2100 UTC,
2023-02-27,2200 UTC,
2023-02-28,1000 UTC,86.0
2023-02-28,1100 UTC,
2023-02-28,1200 UTC,
2023-02-28,1300 UTC,
2023-02-28,1400 UTC,
2023-02-28,1500 UTC,
2023-02-28,1600 UTC,
2023-02-28,1700 UTC,
2023-02-28,1800 UTC,
2023-02-28,1900 UTC,
2023-02-28,2000 UTC,
2023-02-28,2100 UTC,
2023-02-28,2200 UTC,
2023-03-01,1000 UTC,
2023-03-01,1100 UTC,462.0
2023-03-01,1200 UTC,
2023-03-01,1300 UTC,
2023-03-01,1400 UTC,
2023-03-01,1500 UTC,
2023-03-01,1600 UTC,
2023-03-01,1700 UTC,
2023-03-01,1800 UTC,
2023-03-01,1900 UTC,1428.0
2023-03-01,2000 UTC,
2023-03-01,2100 UTC,
2023-03-01,2200 UTC,
2023-03-02,1000 UTC,
2023-03-02,1100 UTC,
2023-03-02,1200 UTC,
2023-03-02,1300 UTC,
2023-03-02,1400 UTC,
2023-03-02,1500 UTC,
2023-03-02,1600 UTC,
2023-03-02,1700 UTC,
2023-03-02,1800 UTC,
2023-03-02,1900 UTC,
2023-03-02,2000 UTC,
2023-03-02,2100 UTC,
2023-03-02,2200 UTC,
2023-03-03,1000 UTC,
2023-03-03,1100 UTC,
2023-03-03,1200 UTC,
2023-03-03,1300 UTC,
2023-03-03,1400 UTC,
2023-03-03,1500 UTC,
2023-03-03,1600 UTC,
2023-03-03,1700 UTC,
2023-03-03,1800 UTC,135.0
2023-03-03,1900 UTC,
2023-03-03,2000 UTC,
2023-03-03,2100 UTC,
2023-03-03,2200 UTC,
2023-03-04,1000 UTC,
2023-03-04,1100 UTC,752.0
2023-03-04,1200 UTC,
2023-03-04,1300 UTC,2685.0
2023-03-04,1400 UTC,
2023-03-04,1500 UTC,3540.0
2023-03-04,1600 UTC,3286.0
2023-03-04,1700 UTC,
2023-03-04,1800 UTC,
2023-03-04,1900 UTC,
2023-03-04,2000 UTC,
2023-03-04,2100 UTC,
2023-03-04,2200 UTC,
2023-03-05,1000 UTC,
2023-03-05,1100 UTC,
2023-03-05,1200 UTC,
2023-03-05,1300 UTC,
2023-03-05,1400 UTC,
2023-03-05,1500 UTC,
2023-03-05,1600 UTC,
2023-03-05,1700 UTC,
2023-03-05,1800 UTC,
2023-03-05,1900 UTC,
2023-03-05,2000 UTC,
2023-03-05,2100 UTC,
2023-03-05,2200 UTC,
2023-03-06,1000 UTC,
2023-03-06,1100 UTC,
2023-03-06,1200 UTC,
2023-03-06,1300 UTC,
2023-03-06,1400 UTC,
2023-03-06,1500 UTC,
2023-03-06,1600 UTC,
2023-03-06,1700 UTC,
2023-03-06,1800 UTC,
2023-03-06,1900 UTC,
2023-03-06,2000 UTC,
2023-03-06,2100 UTC,
2023-03-06,2200 UTC,
2023-03-07,1000 UTC,
2023-03-07,1100 UTC,209.0
2023-03-07,1200 UTC,
2023-03-07,1300 UTC,
2023-03-07,1400 UTC,
2023-03-07,1500 UTC,
2023-03-07,1600 UTC,
2023-03-07,1700 UTC,
2023-03-07,1800 UTC,
2023-03-07,1900 UTC,
2023-03-07,2000 UTC,
2023-03-07,2100 UTC,
2023-03-08,1000 UTC,
2023-03-08,1100 UTC,
2023-03-08,1200 UTC,
2023-03-08,1300 UTC,
2023-03-08,1400 UTC,
2023-03-08,1500 UTC,
2023-03-08,1600 UTC,
2023-03-08,1700 UTC,
2023-03-08,1800 UTC,1771.0
2023-03-08,1900 UTC,
2023-03-08,2000 UTC,1611.0
2023-03-08,2100 UTC,
2023-03-08,2200 UTC,
2023-03-09,1000 UTC,
2023-03-09,1100 UTC,
2023-03-09,1200 UTC,634.0
2023-03-09,1300 UTC,
2023-03-09,1400 UTC,
2023-03-09,1500 UTC,
2023-03-09,1600 UTC,
2023-03-09,1700 UTC,
2023-03-09,1800 UTC,
2023-03-09,1900 UTC,
2023-03-09,2000 UTC,
2023-03-09,2100 UTC,
2023-03-09,2200 UTC,
2023-03-10,1000 UTC,
2023-03-10,1100 UTC,
2023-03-10,1200 UTC,
2023-03-10,1300 UTC,
2023-03-10,1400 UTC,
2023-03-10,1500 UTC,
2023-03-10,1600 UTC,
2023-03-10,1700 UTC,
2023-03-10,1800 UTC,
2023-03-10,1900 UTC,
2023-03-10,2000 UTC,
2023-03-10,2100 UTC,
2023-03-10,2200 UTC,
2023-03-11,1000 UTC,
2023-03-11,1100 UTC,
2023-03-11,1200 UTC,680.0
2023-03-11,1300 UTC,1681.0
2023-03-11,1400 UTC,
2023-03-11,1500 UTC,
2023-03-11,1600 UTC,
2023-03-11,1700 UTC,
2023-03-11,1800 UTC,
2023-03-11,1900 UTC,229.0
2023-03-11,2000 UTC,1210.0
2023-03-11,2100 UTC,
2023-03-11,2200 UTC,
2023-03-12,1000 UTC,
2023-03-12,1100 UTC,
2023-03-12,1200 UTC,
2023-03-12,1300 UTC,
2023-03-12,1400 UTC,
2023-03-12,1500 UTC,
2023-03-12,1600 UTC,
2023-03-12,1700 UTC,
2023-03-12,1800 UTC,
2023-03-12,1900 UTC,
2023-03-12,2000 UTC,413.0
2023-03-12,2100 UTC,
2023-03-12,2200 UTC,3.0
2023-03-13,1000 UTC,
2023-03-13,1100 UTC,
2023-03-13,1200 UTC,
2023-03-13,1300 UTC,
2023-03-13,1400 UTC,2795.0
2023-03-13,1500 UTC,
2023-03-13,1600 UTC,
2023-03-13,1700 UTC,
2023-03-13,1800 UTC,94.0
2023-03-13,1900 UTC,
2023-03-13,2000 UTC,
2023-03-13,2100 UTC,
2023-03-13,2200 UTC,
2023-03-14,1000 UTC,
2023-03-14,1100 UTC,245.0
2023-03-14,1200 UTC,
2023-03-14,1300 UTC,
2023-03-14,1400 UTC,
2023-03-14,1500 UTC,
2023-03-14,1600 UTC,
2023-03-14,1700 UTC,
2023-03-14,1800 UTC,
2023-03-14,1900 UTC,
2023-03-14,2000 UTC,
2023-03-14,2100 UTC,
2023-03-14,2200 UTC,
2023-03-15,1000 UTC,
2023-03-15,1100 UTC,
2023-03-15,1200 UTC,
2023-03-15,1300 UTC,
2023-03-15,1400 UTC,
2023-03-15,1500 UTC,
2023-03-15,1600 UTC,
2023-03-15,1700 UTC,
2023-03-15,1800 UTC,
2023-03-15,1900 UTC,
2023-03-15,2000 UTC,
2023-03-15,2100 UTC,
2023-03-15,2200 UTC,
2023-03-16,1000 UTC,
2023-03-16,1100 UTC,
2023-03-16,1200 UTC,
2023-03-16,1300 UTC,
2023-03-16,1400 UTC,
2023-03-16,1500 UTC,
2023-03-16,1600 UTC,
2023-03-16,1700 UTC,
2023-03-16,1800 UTC,
2023-03-16,1900 UTC,
2023-03-16,2000 UTC,
2023-03-16,2100 UTC,
2023-03-16,2200 UTC,
2023-03-17,1000 UTC,
2023-03-17,1100 UTC,
2023-03-17,1200 UTC,
2023-03-17,1300 UTC,
2023-03-17,1400 UTC,
2023-03-17,1500 UTC,
2023-03-17,1600 UTC,
2023-03-17,1700 UTC,
2023-03-17,1800 UTC,
2023-03-17,1900 UTC,
2023-03-17,2000 UTC,
2023-03-17,2100 UTC,
2023-03-17,2200 UTC,
2023-03-18,1000 UTC,23.0
2023-03-18,1100 UTC,
2023-03-18,1200 UTC,
2023-03-18,1300 UTC,1308.0
2023-03-18,1400 UTC,
2023-03-18,1500 UTC,2163.0
2023-03-18,1600 UTC,
2023-03-18,1700 UTC,
2023-03-18,1800 UTC,
2023-03-18,1900 UTC,
2023-03-18,2000 UTC,
2023-03-18,2100 UTC,
2023-03-18,2200 UTC,
2023-03-19,1000 UTC,
2023-03-19,1100 UTC,
2023-03-19,1200 UTC,
2023-03-19,1300 UTC,
2023-03-19,1400 UTC,
2023-03-19,1500 UTC,
2023-03-19,1600 UTC,
2023-03-19,1700 UTC,
2023-03-19,1800 UTC,
2023-03-19,1900 UTC,
2023-03-19,2000 UTC,
2023-03-19,2100 UTC,
2023-03-19,2200 UTC,
2023-03-20,1000 UTC,
2023-03-20,1100 UTC,
2023-03-20,1200 UTC,
2023-03-20,1300 UTC,
2023-03-20,1400 UTC,
2023-03-20,1500 UTC,921.0
2023-03-20,1600 UTC,
2023-03-20,1700 UTC,
2023-03-20,1800 UTC,
2023-03-20,1900 UTC,
2023-03-20,2000 UTC,
2023-03-20,2100 UTC,
2023-03-20,2200 UTC,
2023-03-21,1000 UTC,56.0
2023-03-21,1100 UTC,423.0
2023-03-21,1200 UTC,
2023-03-21,1300 UTC,
2023-03-21,1400 UTC,
2023-03-21,1500 UTC,
2023-03-21,1600 UTC,932.0
2023-03-21,1700 UTC,
2023-03-21,1800 UTC,
2023-03-21,1900 UTC,
2023-03-21,2000 UTC,
2023-03-21,2100 UTC,
2023-03-21,2200 UTC,
2023-03-22,1000 UTC,
2023-03-22,1100 UTC,
2023-03-22,1200 UTC,
2023-03-22,1300 UTC,
2023-03-22,1400 UTC,
2023-03-22,1500 UTC,1654.0
2023-03-22,1600 UTC,
2023-03-22,1700 UTC,613.0
2023-03-22,1800 UTC,
2023-03-22,1900 UTC,
2023-03-22,2000 UTC,
2023-03-22,2100 UTC,
2023-03-22,2200 UTC,
2023-03-23,1000 UTC,
2023-03-23,1100 UTC,472.0
2023-03-23,1200 UTC,
2023-03-23,1300 UTC,
2023-03-23,1400 UTC,
2023-03-23,1500 UTC,
2023-03-23,1600 UTC,
2023-03-23,1700 UTC,
2023-03-23,1800 UTC,
2023-03-23,1900 UTC,
2023-03-23,2000 UTC,
2023-03-23,2100 UTC,
2023-03-23,2200 UTC,
2023-03-24,1000 UTC,
2023-03-24,1100 UTC,
2023-03-24,1200 UTC,
2023-03-24,1300 UTC,
2023-03-24,1400 UTC,
2023-03-24,1500 UTC,
2023-03-24,1600 UTC,
2023-03-24,1700 UTC,
2023-03-24,1800 UTC,
2023-03-24,1900 UTC,
2023-03-24,2000 UTC,
2023-03-24,2100 UTC,
2023-03-24,2200 UTC,
2023-03-25,1000 UTC,
2023-03-25,1100 UTC,
2023-03-25,1200 UTC,
2023-03-25,1300 UTC,
2023-03-25,1400 UTC,
2023-03-25,1500 UTC,3420.0
2023-03-25,1600 UTC,
2023-03-25,1700 UTC,
2023-03-25,1800 UTC,
2023-03-25,1900 UTC,
2023-03-25,2000 UTC,
2023-03-25,2100 UTC,
2023-03-25,2200 UTC,
2023-03-26,1000 UTC,
2023-03-26,1100 UTC,
2023-03-26,1200 UTC,
2023-03-26,1300 UTC,
2023-03-26,1400 UTC,
2023-03-26,1500 UTC,
2023-03-26,1600 UTC,
2023-03-26,1700 UTC,
2023-03-26,1800 UTC,
2023-03-26,1900 UTC,876.0
2023-03-26,2000 UTC,
2023-03-26,2100 UTC,
2023-03-26,2200 UTC,
2023-03-27,1000 UTC,
2023-03-27,1100 UTC,
2023-03-27,1200 UTC,
2023-03-27,1300 UTC,
2023-03-27,1400 UTC,
2023-03-27,1500 UTC,3248.0
2023-03-27,1600 UTC,
2023-03-27,1700 UTC,
2023-03-27,1800 UTC,
2023-03-27,1900 UTC,
2023-03-27,2000 UTC,
2023-03-27,2100 UTC,
2023-03-27,2200 UTC,7.0
2023-03-28,1000 UTC,
2023-03-28,1100 UTC,
2023-03-28,1200 UTC,
2023-03-28,1300 UTC,
2023-03-28,1400 UTC,
2023-03-28,1500 UTC,
2023-03-28,1600 UTC,
2023-03-28,1700 UTC,
2023-03-28,1800 UTC,
2023-03-28,1900 UTC,
2023-03-28,2000 UTC,
2023-03-28,2100 UTC,
2023-03-28,2200 UTC,
2023-03-29,1000 UTC,
2023-03-29,1100 UTC,
2023-03-29,1200 UTC,
2023-03-29,1300 UTC,
2023-03-29,1400 UTC,
2023-03-29,1500 UTC,
2023-03-29,1600 UTC,
2023-03-29,1700 UTC,
2023-03-29,1800 UTC,2459.0
2023-03-29,1900 UTC,
2023-03-29,2000 UTC,
2023-03-29,2100 UTC,
2023-03-29,2200 UTC,
2023-03-30,1000 UTC,
2023-03-30,1100 UTC,
2023-03-30,1200 UTC,
2023-03-30,1300 UTC,
2023-03-30,1400 UTC,
2023-03-30,1500 UTC,
2023-03-30,1600 UTC,
2023-03-30,1700 UTC,2858.0
2023-03-30,1800 UTC,
2023-03-30,1900 UTC,
2023-03-30,2000 UTC,
2023-03-30,2100 UTC,
2023-03-30,2200 UTC,3.0
2023-03-31,1000 UTC,
2023-03-31,1100 UTC,
2023-03-31,1200 UTC,
2023-03-31,1300 UTC,2372.0
2023-03-31,1400 UTC,
2023-03-31,1500 UTC,
2023-03-31,1600 UTC,
2023-03-31,1700 UTC,
2023-03-31,1800 UTC,
2023-03-31,1900 UTC,2083.0
2023-03-31,2000 UTC,
2023-03-31,2100 UTC,
2023-03-31,2200 UTC,
2023-04-01,1000 UTC,
2023-04-01,1100 UTC,
2023-04-01,1200 UTC,
2023-04-01,1300 UTC,
2023-04-01,1400 UTC,
2023-04-01,1500 UTC,
2023-04-01,1600 UTC,
2023-04-01,1700 UTC,
2023-04-01,1800 UTC,
2023-04-01,1900 UTC,
2023-04-01,2000 UTC,
2023-04-01,2100 UTC,
2023-04-01,2200 UTC,
2023-04-02,1000 UTC,
2023-04-02,1100 UTC,
2023-04-02,1200 UTC,
2023-04-02,1300 UTC,
2023-04-02,1400 UTC,
2023-04-02,1500 UTC,
2023-04-02,1600 UTC,
2023-04-02,1700 UTC,
2023-04-02,1800 UTC,
2023-04-02,1900 UTC,
2023-04-02,2000 UTC,
2023-04-02,2100 UTC,
2023-04-02,2200 UTC,
2023-04-03,1000 UTC,
2023-04-03,1100 UTC,
2023-04-03,1200 UTC,
2023-04-03,1300 UTC,1104.0
2023-04-03,1400 UTC,
2023-04-03,1500 UTC,
2023-04-03,1600 UTC,
2023-04-03,1700 UTC,
2023-04-03,1800 UTC,
2023-04-03,1900 UTC,1241.0
2023-04-03,2000 UTC,
2023-04-03,2100 UTC,
2023-04-04,1000 UTC,
2023-04-04,1100 UTC,
2023-04-04,1200 UTC,
2023-04-04,1300 UTC,
2023-04-04,1400 UTC,
2023-04-04,1500 UTC,
2023-04-04,1600 UTC,
2023-04-04,1700 UTC,
2023-04-04,1800 UTC,2770.0
2023-04-04,1900 UTC,
2023-04-04,2000 UTC,
2023-04-04,2100 UTC,
2023-04-04,2200 UTC,
2023-04-05,1000 UTC,
2023-04-05,1100 UTC,
2023-04-05,1200 UTC,
2023-04-05,1300 UTC,2300.0
2023-04-05,1400 UTC,
2023-04-05,1500 UTC,
2023-04-05,1600 UTC,
2023-04-05,1700 UTC,
2023-04-05,1800 UTC,1169.0
2023-04-05,1900 UTC,
2023-04-05,2000 UTC,
2023-04-05,2100 UTC,
2023-04-05,2200 UTC,
2023-04-06,1000 UTC,
2023-04-06,1100 UTC,
2023-04-06,1200 UTC,
2023-04-06,1300 UTC,
2023-04-06,1400 UTC,
2023-04-06,1500 UTC,
2023-04-06,1600 UTC,
2023-04-06,1700 UTC,
2023-04-06,1800 UTC,
2023-04-06,1900 UTC,371.0
2023-04-06,2000 UTC,
2023-04-06,2100 UTC,
2023-04-07,1000 UTC,54.0
2023-04-07,1100 UTC,
2023-04-07,1200 UTC,
2023-04-07,1300 UTC,504.0
2023-04-07,1400 UTC,
2023-04-07,1500 UTC,1400.0
2023-04-07,1600 UTC,
2023-04-07,1700 UTC,
2023-04-07,1800 UTC,
2023-04-07,1900 UTC,
2023-04-07,2000 UTC,517.0
2023-04-07,2100 UTC,
2023-04-08,1000 UTC,
2023-04-08,1100 UTC,334.0
2023-04-08,1200 UTC,
2023-04-08,1300 UTC,
2023-04-08,1400 UTC,
2023-04-08,1500 UTC,2282.0
2023-04-08,1600 UTC,
2023-04-08,1700 UTC,
2023-04-08,1800 UTC,1572.0
2023-04-08,1900 UTC,727.0
2023-04-08,2000 UTC,
2023-04-08,2100 UTC,76.0
2023-04-09,1000 UTC,
2023-04-09,1100 UTC,
2023-04-09,1200 UTC,
2023-04-09,1300 UTC,
2023-04-09,1400 UTC,
2023-04-09,1500 UTC,
2023-04-09,1600 UTC,
2023-04-09,1700 UTC,
2023-04-09,1800 UTC,
2023-04-09,1900 UTC,337.0
2023-04-09,2000 UTC,
2023-04-09,2100 UTC,194.0
2023-04-10,1000 UTC,
2023-04-10,1100 UTC,296.0
2023-04-10,1200 UTC,
2023-04-10,1300 UTC,
2023-04-10,1400 UTC,
2023-04-10,1500 UTC,
2023-04-10,1600 UTC,
2023-04-10,1700 UTC,
2023-04-10,1800 UTC,
2023-04-10,1900 UTC,
2023-04-10,2000 UTC,
2023-04-10,2100 UTC,43.0
2023-04-11,1000 UTC,
2023-04-11,1100 UTC,
2023-04-11,1200 UTC,
2023-04-11,1300 UTC,
2023-04-11,1400 UTC,
2023-04-11,1500 UTC,
2023-04-11,1600 UTC,
2023-04-11,1700 UTC,
2023-04-11,1800 UTC,
2023-04-11,1900 UTC,
2023-04-11,2000 UTC,
2023-04-11,2100 UTC,
2023-04-12,1000 UTC,
2023-04-12,1100 UTC,
2023-04-12,1200 UTC,1080.0
2023-04-12,1300 UTC,
2023-04-12,1400 UTC,
2023-04-12,1500 UTC,
2023-04-12,1600 UTC,
2023-04-12,1700 UTC,
2023-04-12,1800 UTC,
2023-04-12,1900 UTC,
2023-04-12,2000 UTC,
2023-04-12,2100 UTC,188.0
2023-04-13,1000 UTC,
2023-04-13,1100 UTC,
2023-04-13,1200 UTC,
2023-04-13,1300 UTC,
2023-04-13,1400 UTC,
2023-04-13,1500 UTC,
2023-04-13,1600 UTC,
2023-04-13,1700 UTC,
2023-04-13,1800 UTC,
2023-04-13,1900 UTC,
2023-04-13,2000 UTC,
2023-04-13,2100 UTC,
2023-04-14,1000 UTC,27.0
2023-04-14,1100 UTC,
2023-04-14,1200 UTC,
2023-04-14,1300 UTC,
2023-04-14,1400 UTC,
2023-04-14,1500 UTC,2175.0
2023-04-14,1600 UTC,
2023-04-14,1700 UTC,
2023-04-14,1800 UTC,
2023-04-14,1900 UTC,
2023-04-14,2000 UTC,
2023-04-14,2100 UTC,
2023-04-15,1000 UTC,
2023-04-15,1100 UTC,
2023-04-15,1200 UTC,
2023-04-15,1300 UTC,
2023-04-15,1400 UTC,
2023-04-15,1500 UTC,
2023-04-15,1600 UTC,
2023-04-15,1700 UTC,1818.0
2023-04-15,1800 UTC,
2023-04-15,1900 UTC,
2023-04-15,2000 UTC,
2023-04-15,2100 UTC,
2023-04-16,1000 UTC,53.0
2023-04-16,1100 UTC,428.0
2023-04-16,1200 UTC,
2023-04-16,1300 UTC,
2023-04-16,1400 UTC,
2023-04-16,1500 UTC,
2023-04-16,1600 UTC,
2023-04-16,1700 UTC,
2023-04-16,1800 UTC,
2023-04-16,1900 UTC,
2023-04-16,2000 UTC,
2023-04-16,2100 UTC,
2023-04-17,1000 UTC,
2023-04-17,1100 UTC,
2023-04-17,1200 UTC,
2023-04-17,1300 UTC,
2023-04-17,1400 UTC,
2023-04-17,1500 UTC,
2023-04-17,1600 UTC,
2023-04-17,1700 UTC,
2023-04-17,1800 UTC,
2023-04-17,1900 UTC,
2023-04-17,2000 UTC,
2023-04-17,2100 UTC,120.0
2023-04-18,1000 UTC,55.0
2023-04-18,1100 UTC,
2023-04-18,1200 UTC,
2023-04-18,1300 UTC,
2023-04-18,1400 UTC,2608.0
2023-04-18,1500 UTC,
2023-04-18,1600 UTC,
2023-04-18,1700 UTC,
2023-04-18,1800 UTC,
2023-04-18,1900 UTC,
2023-04-18,2000 UTC,
2023-04-18,2100 UTC,
2023-04-19,1000 UTC,
2023-04-19,1100 UTC,
2023-04-19,1200 UTC,769.0
2023-04-19,1300 UTC,
2023-04-19,1400 UTC,
2023-04-19,1500 UTC,
2023-04-19,1600 UTC,
2023-04-19,1700 UTC,1936.0
2023-04-19,1800 UTC,
2023-04-19,1900 UTC,
2023-04-19,2000 UTC,
2023-04-19,2100 UTC,
2023-04-20,0300 UTC,0.0
2023-04-20,1000 UTC,
2023-04-20,1100 UTC,
2023-04-20,1200 UTC,
2023-04-20,1300 UTC,
2023-04-20,1400 UTC,
2023-04-20,1500 UTC,
2023-04-20,1600 UTC,
2023-04-20,1700 UTC,
2023-04-20,1800 UTC,
2023-04-20,1900 UTC,
2023-04-20,2000 UTC,
2023-04-20,2100 UTC,151.0
2023-04-21,1000 UTC,
2023-04-21,1100 UTC,
2023-04-21,1200 UTC,
2023-04-21,1300 UTC,
2023-04-21,1400 UTC,
2023-04-21,1500 UTC,
2023-04-21,1600 UTC,
2023-04-21,1700 UTC,
2023-04-21,1800 UTC,
2023-04-21,1900 UTC,
2023-04-21,2000 UTC,
2023-04-21,2100 UTC,
2023-04-22,1000 UTC,
2023-04-22,1100 UTC,
2023-04-22,1200 UTC,
2023-04-22,1300 UTC,
2023-04-22,1400 UTC,
2023-04-22,1500 UTC,
2023-04-22,1600 UTC,3046.0
2023-04-22,1700 UTC,
2023-04-22,1800 UTC,
2023-04-22,1900 UTC,
2023-04-22,2000 UTC,
2023-04-22,2100 UTC,
2023-04-23,1000 UTC,
2023-04-23,1100 UTC,
2023-04-23,1200 UTC,913.0
2023-04-23,1300 UTC,
2023-04-23,1400 UTC,
2023-04-23,1500 UTC,
2023-04-23,1600 UTC,
2023-04-23,1700 UTC,
2023-04-23,1800 UTC,
2023-04-23,1900 UTC,
2023-04-23,2000 UTC,
2023-04-23,2100 UTC,
2023-04-24,1000 UTC,
2023-04-24,1100 UTC,
2023-04-24,1200 UTC,707.0
2023-04-24,1300 UTC,
2023-04-24,1400 UTC,
2023-04-24,1500 UTC,
2023-04-24,1600 UTC,
2023-04-24,1700 UTC,
2023-04-24,1800 UTC,
2023-04-24,1900 UTC,
2023-04-24,2000 UTC,
2023-04-24,2100 UTC,
2023-04-25,1000 UTC,26.0
2023-04-25,1100 UTC,
2023-04-25,1200 UTC,
2023-04-25,1300 UTC,
2023-04-25,1400 UTC,
2023-04-25,1500 UTC,
2023-04-25,1600 UTC,
2023-04-25,1700 UTC,2973.0
2023-04-25,1800 UTC,
2023-04-25,1900 UTC,
2023-04-25,2000 UTC,
2023-04-25,2100 UTC,
2023-04-26,1000 UTC,
2023-04-26,1100 UTC,
2023-04-26,1200 UTC,
2023-04-26,1300 UTC,
2023-04-26,1400 UTC,
2023-04-26,1500 UTC,
2023-04-26,1600 UTC,
2023-04-26,1700 UTC,2988.0
2023-04-26,1800 UTC,
2023-04-26,1900 UTC,
2023-04-26,2000 UTC,
2023-04-26,2100 UTC,
2023-04-27,1000 UTC,
2023-04-27,1100 UTC,362.0
2023-04-27,1200 UTC,
2023-04-27,1300 UTC,
2023-04-27,1400 UTC,
2023-04-27,1500 UTC,
2023-04-27,1600 UTC,
2023-04-27,1700 UTC,
2023-04-27,1800 UTC,
2023-04-27,1900 UTC,
2023-04-27,2000 UTC,
2023-04-27,2100 UTC,
2023-04-28,1000 UTC,
2023-04-28,1100 UTC,
2023-04-28,1200 UTC,
2023-04-28,1300 UTC,
2023-04-28,1400 UTC,
2023-04-28,1500 UTC,
2023-04-28,1600 UTC,1501.0
2023-04-28,1700 UTC,
2023-04-28,1800 UTC,
2023-04-28,1900 UTC,1427.0
2023-04-28,2000 UTC,
2023-04-28,2100 UTC,
2023-04-29,1000 UTC,
2023-04-29,1100 UTC,
2023-04-29,1200 UTC,
2023-04-29,1300 UTC,2142.0
2023-04-29,1400 UTC,
2023-04-29,1500 UTC,2900.0
2023-04-29,1600 UTC,
2023-04-29,1700 UTC,
2023-04-29,1800 UTC,2191.0
2023-04-29,1900 UTC,
2023-04-29,2000 UTC,
2023-04-29,2100 UTC,
2023-04-30,1000 UTC,
2023-04-30,1100 UTC,
2023-04-30,1200 UTC,
2023-04-30,1300 UTC,2113.0
2023-04-30,1400 UTC,
2023-04-30,1500 UTC,
2023-04-30,1600 UTC,
2023-04-30,1700 UTC,
2023-04-30,1800 UTC,
2023-04-30,1900 UTC,
2023-04-30,2000 UTC,
2023-04-30,2100 UTC,
2023-05-01,1000 UTC,
2023-05-01,1100 UTC,
2023-05-01,1200 UTC,
2023-05-01,1300 UTC,
2023-05-01,1400 UTC,
2023-05-01,1500 UTC,
2023-05-01,1600 UTC,
2023-05-01,1700 UTC,
2023-05-01,1800 UTC,1855.0
2023-05-01,1900 UTC,
2023-05-01,2000 UTC,
2023-05-01,2100 UTC,
2023-05-02,1000 UTC,
2023-05-02,1100 UTC,
2023-05-02,1200 UTC,
2023-05-02,1300 UTC,
2023-05-02,1400 UTC,
2023-05-02,1500 UTC,
2023-05-02,1600 UTC,
2023-05-02,1700 UTC,2833.0
2023-05-02,1800 UTC,
2023-05-02,1900 UTC,
2023-05-02,2000 UTC,
2023-05-02,2100 UTC,
2023-05-03,1000 UTC,26.0
2023-05-03,1100 UTC,189.0
2023-05-03,1200 UTC,
2023-05-03,1300 UTC,
2023-05-03,1400 UTC,
2023-05-03,1500 UTC,
2023-05-03,1600 UTC,
2023-05-03,1700 UTC,
2023-05-03,1800 UTC,2391.0
2023-05-03,1900 UTC,
2023-05-03,2000 UTC,256.0
2023-05-03,2100 UTC,
2023-05-04,1000 UTC,
2023-05-04,1100 UTC,
2023-05-04,1200 UTC,
2023-05-04,1300 UTC,
2023-05-04,1400 UTC,
2023-05-04,1500 UTC,
2023-05-04,1600 UTC,
2023-05-04,1700 UTC,
2023-05-04,1800 UTC,
2023-05-04,1900 UTC,
2023-05-04,2000 UTC,
2023-05-04,2100 UTC,58.0
2023-05-05,1000 UTC,
2023-05-05,1100 UTC,
2023-05-05,1200 UTC,
2023-05-05,1300 UTC,
2023-05-05,1400 UTC,
2023-05-05,1500 UTC,
2023-05-05,1600 UTC,
2023-05-05,1700 UTC,
2023-05-05,1800 UTC,794.0
2023-05-05,1900 UTC,460.0
2023-05-05,2000 UTC,
2023-05-05,2100 UTC,
2023-05-06,1000 UTC,
2023-05-06,1100 UTC,
2023-05-06,1200 UTC,991.0
2023-05-06,1300 UTC,
2023-05-06,1400 UTC,
2023-05-06,1500 UTC,
2023-05-06,1600 UTC,
2023-05-06,1700 UTC,
2023-05-06,1800 UTC,
2023-05-06,1900 UTC,
2023-05-06,2000 UTC,
2023-05-06,2100 UTC,
2023-05-07,1000 UTC,
2023-05-07,1100 UTC,
2023-05-07,1200 UTC,
2023-05-07,1300 UTC,2126.0
2023-05-07,1400 UTC,2604.0
2023-05-07,1500 UTC,
2023-05-07,1600 UTC,2932.0
2023-05-07,1700 UTC,
2023-05-07,1800 UTC,
2023-05-07,1900 UTC,
2023-05-07,2000 UTC,
2023-05-07,2100 UTC,
2023-05-08,1000 UTC,
2023-05-08,1100 UTC,
2023-05-08,1200 UTC,
2023-05-08,1300 UTC,
2023-05-08,1400 UTC,
2023-05-08,1500 UTC,
2023-05-08,1600 UTC,
2023-05-08,1700 UTC,
2023-05-08,1800 UTC,2258.0
2023-05-08,1900 UTC,
2023-05-08,2000 UTC,
2023-05-08,2100 UTC,
2023-05-09,1000 UTC,
2023-05-09,1100 UTC,
2023-05-09,1200 UTC,
2023-05-09,1300 UTC,
2023-05-09,1400 UTC,
2023-05-09,1500 UTC,
2023-05-09,1600 UTC,
2023-05-09,1700 UTC,2682.0
2023-05-09,1800 UTC,
2023-05-09,1900 UTC,1009.0
2023-05-09,2000 UTC,
2023-05-09,2100 UTC,
2023-05-10,1000 UTC,
2023-05-10,1100 UTC,
2023-05-10,1200 UTC,
2023-05-10,1300 UTC,
2023-05-10,1400 UTC,
2023-05-10,1500 UTC,
2023-05-10,1600 UTC,
2023-05-10,1700 UTC,
2023-05-10,1800 UTC,
2023-05-10,1900 UTC,
2023-05-10,2000 UTC,
2023-05-10,2100 UTC,
2023-05-11,1000 UTC,
2023-05-11,1100 UTC,
2023-05-11,1200 UTC,
2023-05-11,1300 UTC,
2023-05-11,1400 UTC,
2023-05-11,1500 UTC,
2023-05-11,1600 UTC,2790.0
2023-05-11,1700 UTC,
2023-05-11,1800 UTC,
2023-05-11,1900 UTC,
2023-05-11,2000 UTC,
2023-05-11,2100 UTC,
2023-05-12,1000 UTC,
2023-05-12,1100 UTC,
2023-05-12,1200 UTC,
2023-05-12,1300 UTC,
2023-05-12,1400 UTC,
2023-05-12,1500 UTC,
2023-05-12,1600 UTC,
2023-05-12,1700 UTC,
2023-05-12,1800 UTC,
2023-05-12,1900 UTC,
2023-05-12,2000 UTC,
2023-05-12,2100 UTC,
2023-05-13,1000 UTC,
2023-05-13,1100 UTC,
2023-05-13,1200 UTC,
2023-05-13,1300 UTC,
2023-05-13,1400 UTC,
2023-05-13,1500 UTC,
2023-05-13,1600 UTC,2886.0
2023-05-13,1700 UTC,
2023-05-13,1800 UTC,
2023-05-13,1900 UTC,
2023-05-13,2000 UTC,
2023-05-13,2100 UTC,
2023-05-14,1000 UTC,
2023-05-14,1100 UTC,
2023-05-14,1200 UTC,
2023-05-14,1300 UTC,
2023-05-14,1400 UTC,
2023-05-14,1500 UTC,2808.0
2023-05-14,1600 UTC,
2023-05-14,1700 UTC,2653.0
2023-05-14,1800 UTC,
2023-05-14,1900 UTC,
2023-05-14,2000 UTC,
2023-05-14,2100 UTC,
2023-05-15,1000 UTC,
2023-05-15,1100 UTC,
2023-05-15,1200 UTC,
2023-05-15,1300 UTC,
2023-05-15,1400 UTC,
2023-05-15,1500 UTC,
2023-05-15,1600 UTC,
2023-05-15,1700 UTC,
2023-05-15,1800 UTC,
2023-05-15,1900 UTC,
2023-05-15,2000 UTC,
2023-05-15,2100 UTC,
2023-05-16,1000 UTC,
2023-05-16,1100 UTC,
2023-05-16,1200 UTC,
2023-05-16,1300 UTC,
2023-05-16,1400 UTC,
2023-05-16,1500 UTC,
2023-05-16,1600 UTC,
2023-05-16,1700 UTC,
2023-05-16,1800 UTC,
2023-05-16,1900 UTC,
2023-05-16,2000 UTC,
2023-05-16,2100 UTC,
2023-05-17,1000 UTC,
2023-05-17,1100 UTC,
2023-05-17,1200 UTC,1123.0
2023-05-17,1300 UTC,
2023-05-17,1400 UTC,
2023-05-17,1500 UTC,
2023-05-17,1600 UTC,2827.0
2023-05-17,1700 UTC,2483.0
2023-05-17,1800 UTC,
2023-05-17,1900 UTC,
2023-05-17,2000 UTC,
2023-05-17,2100 UTC,
2023-05-18,1000 UTC,
2023-05-18,1100 UTC,
2023-05-18,1200 UTC,
2023-05-18,1300 UTC,
2023-05-18,1400 UTC,
2023-05-18,1500 UTC,
2023-05-18,1600 UTC,
2023-05-18,1700 UTC,
2023-05-18,1800 UTC,
2023-05-18,1900 UTC,
2023-05-18,2000 UTC,
2023-05-18,2100 UTC,
2023-05-19,1000 UTC,
2023-05-19,1100 UTC,354.0
2023-05-19,1200 UTC,
2023-05-19,1300 UTC,
2023-05-19,1400 UTC,
2023-05-19,1500 UTC,
2023-05-19,1600 UTC,
2023-05-19,1700 UTC,
2023-05-19,1800 UTC,2127.0
2023-05-19,1900 UTC,
2023-05-19,2000 UTC,
2023-05-19,2100 UTC,
2023-05-20,1000 UTC,
2023-05-20,1100 UTC,
2023-05-20,1200 UTC,1237.0
2023-05-20,1300 UTC,
2023-05-20,1400 UTC,
2023-05-20,1500 UTC,
2023-05-20,1600 UTC,
2023-05-20,1700 UTC,
2023-05-20,1800 UTC,
2023-05-20,1900 UTC,
2023-05-20,2000 UTC,
2023-05-20,2100 UTC,
2023-05-21,1000 UTC,22.0
2023-05-21,1100 UTC,
2023-05-21,1200 UTC,
2023-05-21,1300 UTC,
2023-05-21,1400 UTC,
2023-05-21,1500 UTC,
2023-05-21,1600 UTC,
2023-05-21,1700 UTC,
2023-05-21,1800 UTC,
2023-05-21,1900 UTC,
2023-05-21,2000 UTC,
2023-05-21,2100 UTC,
2023-05-22,1000 UTC,
2023-05-22,1100 UTC,
2023-05-22,1200 UTC,
2023-05-22,1300 UTC,
2023-05-22,1400 UTC,2416.0
2023-05-22,1500 UTC,
2023-05-22,1600 UTC,
2023-05-22,1700 UTC,
2023-05-22,1800 UTC,
2023-05-22,1900 UTC,
2023-05-22,2000 UTC,321.0
2023-05-22,2100 UTC,
2023-05-23,1000 UTC,23.0
2023-05-23,1100 UTC,
2023-05-23,1200 UTC,
2023-05-23,1300 UTC,
2023-05-23,1400 UTC,
2023-05-23,1500 UTC,
2023-05-23,1600 UTC,
2023-05-23,1700 UTC,
2023-05-23,1800 UTC,
2023-05-23,1900 UTC,
2023-05-23,2000 UTC,
2023-05-23,2100 UTC,
2023-05-24,1000 UTC,
2023-05-24,1100 UTC,
2023-05-24,1200 UTC,
2023-05-24,1300 UTC,
2023-05-24,1400 UTC,
2023-05-24,1500 UTC,
2023-05-24,1600 UTC,
2023-05-24,1700 UTC,
2023-05-24,1800 UTC,
2023-05-24,1900 UTC,
2023-05-24,2000 UTC,
2023-05-24,2100 UTC,
2023-05-25,1000 UTC,
2023-05-25,1100 UTC,
2023-05-25,1200 UTC,
2023-05-25,1300 UTC,
2023-05-25,1400 UTC,
2023-05-25,1500 UTC,
2023-05-25,1600 UTC,
2023-05-25,1700 UTC,
2023-05-25,1800 UTC,
2023-05-25,1900 UTC,
2023-05-25,2000 UTC,
2023-05-25,2100 UTC,
2023-05-26,1000 UTC,
2023-05-26,1100 UTC,
2023-05-26,1200 UTC,
2023-05-26,1300 UTC,1895.0
2023-05-26,1400 UTC,
2023-05-26,1500 UTC,
2023-05-26,1600 UTC,
2023-05-26,1700 UTC,
2023-05-26,1800 UTC,
2023-05-26,1900 UTC,
2023-05-26,2000 UTC,
2023-05-26,2100 UTC,66.0
2023-05-27,1000 UTC,
2023-05-27,1100 UTC,
2023-05-27,1200 UTC,
2023-05-27,1300 UTC,
2023-05-27,1400 UTC,2246.0
2023-05-27,1500 UTC,
2023-05-27,1600 UTC,
2023-05-27,1700 UTC,
2023-05-27,1800 UTC,
2023-05-27,1900 UTC,
2023-05-27,2000 UTC,
2023-05-27,2100 UTC,
2023-05-28,1000 UTC,
2023-05-28,1100 UTC,370.0
2023-05-28,1200 UTC,
2023-05-28,1300 UTC,
2023-05-28,1400 UTC,
2023-05-28,1500 UTC,
2023-05-28,1600 UTC,
2023-05-28,1700 UTC,
2023-05-28,1800 UTC,
2023-05-28,1900 UTC,
2023-05-28,2000 UTC,
2023-05-28,2100 UTC,
2023-05-29,1000 UTC,
2023-05-29,1100 UTC,
2023-05-29,1200 UTC,
2023-05-29,1300 UTC,
2023-05-29,1400 UTC,
2023-05-29,1500 UTC,2282.0
2023-05-29,1600 UTC,
2023-05-29,1700 UTC,
2023-05-29,1800 UTC,
2023-05-29,1900 UTC,
2023-05-29,2000 UTC,
2023-05-29,2100 UTC,
2023-05-30,1000 UTC,
2023-05-30,1100 UTC,
2023-05-30,1200 UTC,
2023-05-30,1300 UTC,
2023-05-30,1400 UTC,
2023-05-30,1500 UTC,
2023-05-30,1600 UTC,
2023-05-30,1700 UTC,
2023-05-30,1800 UTC,
2023-05-30,1900 UTC,
2023-05-30,2000 UTC,
2023-05-30,2100 UTC,
2023-05-31,1000 UTC,16.0
2023-05-31,1100 UTC,
2023-05-31,1200 UTC,
2023-05-31,1300 UTC,
2023-05-31,1400 UTC,
2023-05-31,1500 UTC,
2023-05-31,1600 UTC,
2023-05-31,1700 UTC,
2023-05-31,1800 UTC,
2023-05-31,1900 UTC,
2023-05-31,2000 UTC,
2023-05-31,2100 UTC,
2023-06-01,1000 UTC,
2023-06-01,1100 UTC,216.0
2023-06-01,1200 UTC,
2023-06-01,1300 UTC,
2023-06-01,1400 UTC,
2023-06-01,1500 UTC,
2023-06-01,1600 UTC,
2023-06-01,1700 UTC,
2023-06-01,1800 UTC,
2023-06-01,1900 UTC,
2023-06-01,2000 UTC,
2023-06-01,2100 UTC,
2023-06-02,1000 UTC,
2023-06-02,1100 UTC,
2023-06-02,1200 UTC,
2023-06-02,1300 UTC,
2023-06-02,1400 UTC,2321.0
2023-06-02,1500 UTC,
2023-06-02,1600 UTC,
2023-06-02,1700 UTC,
2023-06-02,1800 UTC,
2023-06-02,1900 UTC,
2023-06-02,2000 UTC,200.0
2023-06-02,2100 UTC,
2023-06-03,1000 UTC,
2023-06-03,1100 UTC,
2023-06-03,1200 UTC,
2023-06-03,1300 UTC,
2023-06-03,1400 UTC,
2023-06-03,1500 UTC,
2023-06-03,1600 UTC,
2023-06-03,1700 UTC,2213.0
2023-06-03,1800 UTC,
2023-06-03,1900 UTC,
2023-06-03,2000 UTC,
2023-06-03,2100 UTC,
2023-06-04,1000 UTC,
2023-06-04,1100 UTC,
2023-06-04,1200 UTC,
2023-06-04,1300 UTC,
2023-06-04,1400 UTC,
2023-06-04,1500 UTC,
2023-06-04,1600 UTC,
2023-06-04,1700 UTC,
2023-06-04,1800 UTC,
2023-06-04,1900 UTC,
2023-06-04,2000 UTC,
2023-06-04,2100 UTC,67.0
2023-06-05,1000 UTC,
2023-06-05,1100 UTC,
2023-06-05,1200 UTC,
2023-06-05,1300 UTC,
2023-06-05,1400 UTC,2299.0
2023-06-05,1500 UTC,
2023-06-05,1600 UTC,2634.0
2023-06-05,1700 UTC,
2023-06-05,1800 UTC,
2023-06-05,1900 UTC,
2023-06-05,2000 UTC,
2023-06-05,2100 UTC,
2023-06-06,1000 UTC,
2023-06-06,1100 UTC,
2023-06-06,1200 UTC,1149.0
2023-06-06,1300 UTC,
2023-06-06,1400 UTC,
2023-06-06,1500 UTC,
2023-06-06,1600 UTC,
2023-06-06,1700 UTC,
2023-06-06,1800 UTC,
2023-06-06,1900 UTC,
2023-06-06,2000 UTC,
2023-06-06,2100 UTC,
2023-06-07,1000 UTC,
2023-06-07,1100 UTC,
2023-06-07,1200 UTC,
2023-06-07,1300 UTC,
2023-06-07,1400 UTC,
2023-06-07,1500 UTC,
2023-06-07,1600 UTC,
2023-06-07,1700 UTC,
2023-06-07,1800 UTC,
2023-06-07,1900 UTC,
2023-06-07,2000 UTC,
2023-06-07,2100 UTC,
2023-06-08,1000 UTC,
2023-06-08,1100 UTC,
2023-06-08,1200 UTC,
2023-06-08,1300 UTC,
2023-06-08,1400 UTC,
2023-06-08,1500 UTC,
2023-06-08,1600 UTC,
2023-06-08,1700 UTC,
2023-06-08,1800 UTC,
2023-06-08,1900 UTC,
2023-06-08,2000 UTC,
2023-06-08,2100 UTC,
2023-06-09,1000 UTC,
2023-06-09,1100 UTC,
2023-06-09,1200 UTC,
2023-06-09,1300 UTC,1770.0
2023-06-09,1400 UTC,
2023-06-09,1500 UTC,
2023-06-09,1600 UTC,
2023-06-09,1700 UTC,
2023-06-09,1800 UTC,
2023-06-09,1900 UTC,
2023-06-09,2000 UTC,
2023-06-09,2100 UTC,
2023-06-10,1000 UTC,
2023-06-10,1100 UTC,
2023-06-10,1200 UTC,
2023-06-10,1300 UTC,
2023-06-10,1400 UTC,
2023-06-10,1500 UTC,
2023-06-10,1600 UTC,
2023-06-10,1700 UTC,
2023-06-10,1800 UTC,
2023-06-10,1900 UTC,
2023-06-10,2000 UTC,175.0
2023-06-10,2100 UTC,
2023-06-11,1000 UTC,
2023-06-11,1100 UTC,
2023-06-11,1200 UTC,
2023-06-11,1300 UTC,
2023-06-11,1400 UTC,
2023-06-11,1500 UTC,
2023-06-11,1600 UTC,
2023-06-11,1700 UTC,
2023-06-11,1800 UTC,
2023-06-11,1900 UTC,
2023-06-11,2000 UTC,
2023-06-11,2100 UTC,77.0
2023-06-12,1000 UTC,
2023-06-12,1100 UTC,
2023-06-12,1200 UTC,
2023-06-12,1300 UTC,
2023-06-12,1400 UTC,
2023-06-12,1500 UTC,
2023-06-12,1600 UTC,
2023-06-12,1700 UTC,
2023-06-12,1800 UTC,
2023-06-12,1900 UTC,
2023-06-12,2000 UTC,
2023-06-12,2100 UTC,
2023-06-13,1000 UTC,
2023-06-13,1100 UTC,
2023-06-13,1200 UTC,
2023-06-13,1300 UTC,
2023-06-13,1400 UTC,1244.0
2023-06-13,1500 UTC,
2023-06-13,1600 UTC,
2023-06-13,1700 UTC,1075.0
2023-06-13,1800 UTC,
2023-06-13,1900 UTC,
2023-06-13,2000 UTC,
2023-06-13,2100 UTC,
2023-06-14,1000 UTC,
2023-06-14,1100 UTC,
2023-06-14,1200 UTC,
2023-06-14,1300 UTC,
2023-06-14,1400 UTC,
2023-06-14,1500 UTC,
2023-06-14,1600 UTC,1669.0
2023-06-14,1700 UTC,
2023-06-14,1800 UTC,
2023-06-14,1900 UTC,
2023-06-14,2000 UTC,
2023-06-14,2100 UTC,
2023-06-15,1000 UTC,
2023-06-15,1100 UTC,
2023-06-15,1200 UTC,
2023-06-15,1300 UTC,
2023-06-15,1400 UTC,1977.0
2023-06-15,1500 UTC,
2023-06-15,1600 UTC,
2023-06-15,1700 UTC,
2023-06-15,1800 UTC,
2023-06-15,1900 UTC,
2023-06-15,2000 UTC,
2023-06-15,2100 UTC,40.0
2023-06-16,1000 UTC,5.0
2023-06-16,1100 UTC,
2023-06-16,1200 UTC,
2023-06-16,1300 UTC,
2023-06-16,1400 UTC,
2023-06-16,1500 UTC,
2023-06-16,1600 UTC,
2023-06-16,1700 UTC,
2023-06-16,1800 UTC,
2023-06-16,1900 UTC,
2023-06-16,2000 UTC,
2023-06-16,2100 UTC,
2023-06-17,1000 UTC,
2023-06-17,1100 UTC,
2023-06-17,1200 UTC,
2023-06-17,1300 UTC,
2023-06-17,1400 UTC,
2023-06-17,1500 UTC,
2023-06-17,1600 UTC,
2023-06-17,1700 UTC,
2023-06-17,1800 UTC,1922.0
2023-06-17,1900 UTC,
2023-06-17,2000 UTC,
2023-06-17,2100 UTC,
2023-06-18,1000 UTC,
2023-06-18,1100 UTC,
2023-06-18,1200 UTC,
2023-06-18,1300 UTC,
2023-06-18,1400 UTC,
2023-06-18,1500 UTC,
2023-06-18,1600 UTC,
2023-06-18,1700 UTC,
2023-06-18,1800 UTC,
2023-06-18,1900 UTC,
2023-06-18,2000 UTC,
2023-06-18,2100 UTC,
2023-06-19,1000 UTC,
2023-06-19,1100 UTC,
2023-06-19,1200 UTC,
2023-06-19,1300 UTC,
2023-06-19,1400 UTC,
2023-06-19,1500 UTC,
2023-06-19,1600 UTC,
2023-06-19,1700 UTC,
2023-06-19,1800 UTC,
2023-06-19,1900 UTC,
2023-06-19,2000 UTC,
2023-06-19,2100 UTC,
2023-06-20,1000 UTC,
2023-06-20,1100 UTC,
2023-06-20,1200 UTC,1119.0
2023-06-20,1300 UTC,
2023-06-20,1400 UTC,
2023-06-20,1500 UTC,
2023-06-20,1600 UTC,
2023-06-20,1700 UTC,
2023-06-20,1800 UTC,
2023-06-20,1900 UTC,
2023-06-20,2000 UTC,
2023-06-20,2100 UTC,
2023-06-21,1000 UTC,
2023-06-21,1100 UTC,361.0
2023-06-21,1200 UTC,
2023-06-21,1300 UTC,
2023-06-21,1400 UTC,
2023-06-21,1500 UTC,
2023-06-21,1600 UTC,
2023-06-21,1700 UTC,
2023-06-21,1800 UTC,
2023-06-21,1900 UTC,
2023-06-21,2000 UTC,
2023-06-21,2100 UTC,
2023-06-22,1000 UTC,
2023-06-22,1100 UTC,
2023-06-22,1200 UTC,1121.0
2023-06-22,1300 UTC,
2023-06-22,1400 UTC,
2023-06-22,1500 UTC,
2023-06-22,1600 UTC,
2023-06-22,1700 UTC,
2023-06-22,1800 UTC,
2023-06-22,1900 UTC,
2023-06-22,2000 UTC,
2023-06-22,2100 UTC,
2023-06-23,1000 UTC,7.0
2023-06-23,1100 UTC,
2023-06-23,1200 UTC,
2023-06-23,1300 UTC,
2023-06-23,1400 UTC,2232.0
2023-06-23,1500 UTC,
2023-06-23,1600 UTC,2629.0
2023-06-23,1700 UTC,
2023-06-23,1800 UTC,
2023-06-23,1900 UTC,
2023-06-23,2000 UTC,
2023-06-23,2100 UTC,
2023-06-24,1000 UTC,
2023-06-24,1100 UTC,
2023-06-24,1200 UTC,
2023-06-24,1300 UTC,
2023-06-24,1400 UTC,
2023-06-24,1500 UTC,
2023-06-24,1600 UTC,
2023-06-24,1700 UTC,
2023-06-24,1800 UTC,
2023-06-24,1900 UTC,
2023-06-24,2000 UTC,
2023-06-24,2100 UTC,70.0
2023-06-25,1000 UTC,
2023-06-25,1100 UTC,175.0
2023-06-25,1200 UTC,
2023-06-25,1300 UTC,
2023-06-25,1400 UTC,
2023-06-25,1500 UTC,
2023-06-25,1600 UTC,
2023-06-25,1700 UTC,
2023-06-25,1800 UTC,
2023-06-25,1900 UTC,
2023-06-25,2000 UTC,
2023-06-25,2100 UTC,
2023-06-26,1000 UTC,
2023-06-26,1100 UTC,
2023-06-26,1200 UTC,
2023-06-26,1300 UTC,
2023-06-26,1400 UTC,
2023-06-26,1500 UTC,
2023-06-26,1600 UTC,
2023-06-26,1700 UTC,
2023-06-26,1800 UTC,
2023-06-26,1900 UTC,
2023-06-26,2000 UTC,230.0
2023-06-26,2100 UTC,
2023-06-27,1000 UTC,
2023-06-27,1100 UTC,
2023-06-27,1200 UTC,
2023-06-27,1300 UTC,
2023-06-27,1400 UTC,
2023-06-27,1500 UTC,2530.0
2023-06-27,1600 UTC,
2023-06-27,1700 UTC,
2023-06-27,1800 UTC,
2023-06-27,1900 UTC,
2023-06-27,2000 UTC,
2023-06-27,2100 UTC,
2023-06-28,1000 UTC,
2023-06-28,1100 UTC,
2023-06-28,1200 UTC,
2023-06-28,1300 UTC,
2023-06-28,1400 UTC,
2023-06-28,1500 UTC,
2023-06-28,1600 UTC,
2023-06-28,1700 UTC,
2023-06-28,1800 UTC,
2023-06-28,1900 UTC,
2023-06-28,2000 UTC,
2023-06-28,2100 UTC,
2023-06-29,1000 UTC,
2023-06-29,1100 UTC,
2023-06-29,1200 UTC,
2023-06-29,1300 UTC,
2023-06-29,1400 UTC,
2023-06-29,1500 UTC,
2023-06-29,1600 UTC,2603.0
2023-06-29,1700 UTC,
2023-06-29,1800 UTC,
2023-06-29,1900 UTC,
2023-06-29,2000 UTC,
2023-06-29,2100 UTC,
2023-06-30,1000 UTC,
2023-06-30,1100 UTC,
2023-06-30,1200 UTC,
2023-06-30,1300 UTC,
2023-06-30,1400 UTC,
2023-06-30,1500 UTC,
2023-06-30,1600 UTC,
2023-06-30,1700 UTC,
2023-06-30,1800 UTC,
2023-06-30,1900 UTC,
2023-06-30,2000 UTC,
2023-06-30,2100 UTC,
2023-07-01,1000 UTC,
2023-07-01,1100 UTC,
2023-07-01,1200 UTC,
2023-07-01,1300 UTC,
2023-07-01,1400 UTC,
2023-07-01,1500 UTC,2514.0
2023-07-01,1600 UTC,2597.0
2023-07-01,1700 UTC,
2023-07-01,1800 UTC,
2023-07-01,1900 UTC,
2023-07-01,2000 UTC,
2023-07-01,2100 UTC,
2023-07-02,1000 UTC,
2023-07-02,1100 UTC,
2023-07-02,1200 UTC,
2023-07-02,1300 UTC,1765.0
2023-07-02,1400 UTC,2191.0
2023-07-02,1500 UTC,
2023-07-02,1600 UTC,
2023-07-02,1700 UTC,
2023-07-02,1800 UTC,
2023-07-02,1900 UTC,
2023-07-02,2000 UTC,
2023-07-02,2100 UTC,
2023-07-03,1000 UTC,
2023-07-03,1100 UTC,
2023-07-03,1200 UTC,
2023-07-03,1300 UTC,
2023-07-03,1400 UTC,
2023-07-03,1500 UTC,
2023-07-03,1600 UTC,
2023-07-03,1700 UTC,
2023-07-03,1800 UTC,
2023-07-03,1900 UTC,
2023-07-03,2000 UTC,
2023-07-03,2100 UTC,
2023-07-04,1000 UTC,
2023-07-04,1100 UTC,
2023-07-04,1200 UTC,
2023-07-04,1300 UTC,
2023-07-04,1400 UTC,
2023-07-04,1500 UTC,
2023-07-04,1600 UTC,
2023-07-04,1700 UTC,
2023-07-04,1800 UTC,
2023-07-04,1900 UTC,
2023-07-04,2000 UTC,
2023-07-04,2100 UTC,
2023-07-05,1000 UTC,
2023-07-05,1100 UTC,
2023-07-05,1200 UTC,
2023-07-05,1300 UTC,
2023-07-05,1400 UTC,
2023-07-05,1500 UTC,
2023-07-05,1600 UTC,
2023-07-05,1700 UTC,2410.0
2023-07-05,1800 UTC,
2023-07-05,1900 UTC,
2023-07-05,2000 UTC,
2023-07-05,2100 UTC,
2023-07-06,1000 UTC,
2023-07-06,1100 UTC,
2023-07-06,1200 UTC,
2023-07-06,1300 UTC,
2023-07-06,1400 UTC,
2023-07-06,1500 UTC,
2023-07-06,1600 UTC,
2023-07-06,1700 UTC,2392.0
2023-07-06,1800 UTC,
2023-07-06,1900 UTC,
2023-07-06,2000 UTC,
2023-07-06,2100 UTC,
2023-07-07,1000 UTC,
2023-07-07,1100 UTC,
2023-07-07,1200 UTC,
2023-07-07,1300 UTC,
2023-07-07,1400 UTC,
2023-07-07,1500 UTC,
2023-07-07,1600 UTC,2552.0
2023-07-07,1700 UTC,
2023-07-07,1800 UTC,
2023-07-07,1900 UTC,
2023-07-07,2000 UTC,
2023-07-07,2100 UTC,
2023-07-08,1000 UTC,
2023-07-08,1100 UTC,
2023-07-08,1200 UTC,
2023-07-08,1300 UTC,
2023-07-08,1400 UTC,
2023-07-08,1500 UTC,
2023-07-08,1600 UTC,
2023-07-08,1700 UTC,
2023-07-08,1800 UTC,2110.0
2023-07-08,1900 UTC,
2023-07-08,2000 UTC,
2023-07-08,2100 UTC,
2023-07-09,1000 UTC,
2023-07-09,1100 UTC,
2023-07-09,1200 UTC,
2023-07-09,1300 UTC,
2023-07-09,1400 UTC,
2023-07-09,1500 UTC,
2023-07-09,1600 UTC,
2023-07-09,1700 UTC,
2023-07-09,1800 UTC,
2023-07-09,1900 UTC,989.0
2023-07-09,2000 UTC,
2023-07-09,2100 UTC,
2023-07-10,1000 UTC,
2023-07-10,1100 UTC,
2023-07-10,1200 UTC,
2023-07-10,1300 UTC,
2023-07-10,1400 UTC,
2023-07-10,1500 UTC,
2023-07-10,1600 UTC,2566.0
2023-07-10,1700 UTC,
2023-07-10,1800 UTC,2014.0
2023-07-10,1900 UTC,
2023-07-10,2000 UTC,
2023-07-10,2100 UTC,
2023-07-11,1000 UTC,6.0
2023-07-11,1100 UTC,
2023-07-11,1200 UTC,
2023-07-11,1300 UTC,
2023-07-11,1400 UTC,
2023-07-11,1500 UTC,
2023-07-11,1600 UTC,2417.0
2023-07-11,1700 UTC,
2023-07-11,1800 UTC,
2023-07-11,1900 UTC,
2023-07-11,2000 UTC,
2023-07-11,2100 UTC,
2023-07-12,1000 UTC,
2023-07-12,1100 UTC,308.0
2023-07-12,1200 UTC,
2023-07-12,1300 UTC,
2023-07-12,1400 UTC,
2023-07-12,1500 UTC,
2023-07-12,1600 UTC,
2023-07-12,1700 UTC,
2023-07-12,1800 UTC,
2023-07-12,1900 UTC,
2023-07-12,2000 UTC,
2023-07-12,2100 UTC,
2023-07-13,1000 UTC,
2023-07-13,1100 UTC,
2023-07-13,1200 UTC,
2023-07-13,1300 UTC,
2023-07-13,1400 UTC,
2023-07-13,1500 UTC,
2023-07-13,1600 UTC,
2023-07-13,1700 UTC,
2023-07-13,1800 UTC,
2023-07-13,1900 UTC,
2023-07-13,2000 UTC,
2023-07-13,2100 UTC,
2023-07-14,1000 UTC,
2023-07-14,1100 UTC,
2023-07-14,1200 UTC,
2023-07-14,1300 UTC,
2023-07-14,1400 UTC,607.0
2023-07-14,1500 UTC,
2023-07-14,1600 UTC,
2023-07-14,1700 UTC,2079.0
2023-07-14,1800 UTC,
2023-07-14,1900 UTC,
2023-07-14,2000 UTC,
2023-07-14,2100 UTC,61.0
2023-07-15,1000 UTC,
2023-07-15,1100 UTC,344.0
2023-07-15,1200 UTC,
2023-07-15,1300 UTC,
2023-07-15,1400 UTC,2103.0
2023-07-15,1500 UTC,2436.0
2023-07-15,1600 UTC,
2023-07-15,1700 UTC,
2023-07-15,1800 UTC,
2023-07-15,1900 UTC,
2023-07-15,2000 UTC,
2023-07-15,2100 UTC,
2023-07-16,1000 UTC,
2023-07-16,1100 UTC,
2023-07-16,1200 UTC,
2023-07-16,1300 UTC,
2023-07-16,1400 UTC,
2023-07-16,1500 UTC,
2023-07-16,1600 UTC,
2023-07-16,1700 UTC,
2023-07-16,1800 UTC,
2023-07-16,1900 UTC,
2023-07-16,2000 UTC,
2023-07-16,2100 UTC,
2023-07-17,1000 UTC,
2023-07-17,1100 UTC,
2023-07-17,1200 UTC,
2023-07-17,1300 UTC,1234.0
2023-07-17,1400 UTC,
2023-07-17,1500 UTC,
2023-07-17,1600 UTC,
2023-07-17,1700 UTC,
2023-07-17,1800 UTC,
2023-07-17,1900 UTC,1190.0
2023-07-17,2000 UTC,
2023-07-17,2100 UTC,
2023-07-18,1000 UTC,
2023-07-18,1100 UTC,155.0
2023-07-18,1200 UTC,
2023-07-18,1300 UTC,
2023-07-18,1400 UTC,
2023-07-18,1500 UTC,
2023-07-18,1600 UTC,2614.0
2023-07-18,1700 UTC,
2023-07-18,1800 UTC,1947.0
2023-07-18,1900 UTC,
2023-07-18,2000 UTC,
2023-07-18,2100 UTC,
2023-07-19,1000 UTC,
2023-07-19,1100 UTC,
2023-07-19,1200 UTC,
2023-07-19,1300 UTC,
2023-07-19,1400 UTC,
2023-07-19,1500 UTC,
2023-07-19,1600 UTC,
2023-07-19,1700 UTC,
2023-07-19,1800 UTC,
2023-07-19,1900 UTC,890.0
2023-07-19,2000 UTC,
2023-07-19,2100 UTC,
2023-07-20,1000 UTC,
2023-07-20,1100 UTC,
2023-07-20,1200 UTC,
2023-07-20,1300 UTC,
2023-07-20,1400 UTC,
2023-07-20,1500 UTC,
2023-07-20,1600 UTC,
2023-07-20,1700 UTC,
2023-07-20,1800 UTC,
2023-07-20,1900 UTC,
2023-07-20,2000 UTC,
2023-07-20,2100 UTC,
2023-07-21,1000 UTC,
2023-07-21,1100 UTC,
2023-07-21,1200 UTC,
2023-07-21,1300 UTC,
2023-07-21,1400 UTC,
2023-07-21,1500 UTC,
2023-07-21,1600 UTC,
2023-07-21,1700 UTC,
2023-07-21,1800 UTC,
2023-07-21,1900 UTC,1113.0
2023-07-21,2000 UTC,
2023-07-21,2100 UTC,
2023-07-22,1000 UTC,
2023-07-22,1100 UTC,365.0
2023-07-22,1200 UTC,
2023-07-22,1300 UTC,
2023-07-22,1400 UTC,
2023-07-22,1500 UTC,
2023-07-22,1600 UTC,
2023-07-22,1700 UTC,
2023-07-22,1800 UTC,
2023-07-22,1900 UTC,1045.0
2023-07-22,2000 UTC,
2023-07-22,2100 UTC,
2023-07-23,1000 UTC,
2023-07-23,1100 UTC,
2023-07-23,1200 UTC,
2023-07-23,1300 UTC,
2023-07-23,1400 UTC,
2023-07-23,1500 UTC,
2023-07-23,1600 UTC,
2023-07-23,1700 UTC,
2023-07-23,1800 UTC,
2023-07-23,1900 UTC,
2023-07-23,2000 UTC,
2023-07-23,2100 UTC,
2023-07-24,1000 UTC,
2023-07-24,1100 UTC,
2023-07-24,1200 UTC,
2023-07-24,1300 UTC,
2023-07-24,1400 UTC,
2023-07-24,1500 UTC,
2023-07-24,1600 UTC,
2023-07-24,1700 UTC,
2023-07-24,1800 UTC,
2023-07-24,1900 UTC,
2023-07-24,2000 UTC,
2023-07-24,2100 UTC,
2023-07-25,1000 UTC,
2023-07-25,1100 UTC,
2023-07-25,1200 UTC,
2023-07-25,1300 UTC,
2023-07-25,1400 UTC,
2023-07-25,1500 UTC,
2023-07-25,1600 UTC,2461.0
2023-07-25,1700 UTC,
2023-07-25,1800 UTC,
2023-07-25,1900 UTC,
2023-07-25,2000 UTC,
2023-07-25,2100 UTC,
2023-07-26,1000 UTC,
2023-07-26,1100 UTC,
2023-07-26,1200 UTC,
2023-07-26,1300 UTC,
2023-07-26,1400 UTC,
2023-07-26,1500 UTC,
2023-07-26,1600 UTC,1801.0
2023-07-26,1700 UTC,
2023-07-26,1800 UTC,
2023-07-26,1900 UTC,
2023-07-26,2000 UTC,
2023-07-26,2100 UTC,
2023-07-27,1000 UTC,
2023-07-27,1100 UTC,
2023-07-27,1200 UTC,
2023-07-27,1300 UTC,
2023-07-27,1400 UTC,
2023-07-27,1500 UTC,
2023-07-27,1600 UTC,2684.0
2023-07-27,1700 UTC,2424.0
2023-07-27,1800 UTC,1960.0
2023-07-27,1900 UTC,
2023-07-27,2000 UTC,
2023-07-27,2100 UTC,
2023-07-28,1000 UTC,
2023-07-28,1100 UTC,
2023-07-28,1200 UTC,
2023-07-28,1300 UTC,
2023-07-28,1400 UTC,
2023-07-28,1500 UTC,
2023-07-28,1600 UTC,
2023-07-28,1700 UTC,
2023-07-28,1800 UTC,
2023-07-28,1900 UTC,
2023-07-28,2000 UTC,
2023-07-28,2100 UTC,
2023-07-29,1000 UTC,
2023-07-29,1100 UTC,
2023-07-29,1200 UTC,
2023-07-29,1300 UTC,
2023-07-29,1400 UTC,
2023-07-29,1500 UTC,
2023-07-29,1600 UTC,
2023-07-29,1700 UTC,
2023-07-29,1800 UTC,
2023-07-29,1900 UTC,
2023-07-29,2000 UTC,
2023-07-29,2100 UTC,
2023-07-30,1000 UTC,
2023-07-30,1100 UTC,
2023-07-30,1200 UTC,
2023-07-30,1300 UTC,
2023-07-30,1400 UTC,
2023-07-30,1500 UTC,
2023-07-30,1600 UTC,
2023-07-30,1700 UTC,
2023-07-30,1800 UTC,
2023-07-30,1900 UTC,
2023-07-30,2000 UTC,
2023-07-30,2100 UTC,
2023-07-31,1000 UTC,
2023-07-31,1100 UTC,286.0
2023-07-31,1200 UTC,
2023-07-31,1300 UTC,
2023-07-31,1400 UTC,
2023-07-31,1500 UTC,
2023-07-31,1600 UTC,
2023-07-31,1700 UTC,
2023-07-31,1800 UTC,
2023-07-31,1900 UTC,
2023-07-31,2000 UTC,
2023-07-31,2100 UTC,
2023-08-01,1000 UTC,
2023-08-01,1100 UTC,
2023-08-01,1200 UTC,
2023-08-01,1300 UTC,
2023-08-01,1400 UTC,
2023-08-01,1500 UTC,
2023-08-01,1600 UTC,
2023-08-01,1700 UTC,
2023-08-01,1800 UTC,
2023-08-01,1900 UTC,
2023-08-01,2000 UTC,290.0
2023-08-01,2100 UTC,
2023-08-02,1000 UTC,
2023-08-02,1100 UTC,
2023-08-02,1200 UTC,
2023-08-02,1300 UTC,
2023-08-02,1400 UTC,
2023-08-02,1500 UTC,
2023-08-02,1600 UTC,
2023-08-02,1700 UTC,
2023-08-02,1800 UTC,
2023-08-02,1900 UTC,1287.0
2023-08-02,2000 UTC,
2023-08-02,2100 UTC,
2023-08-03,1000 UTC,
2023-08-03,1100 UTC,
2023-08-03,1200 UTC,
2023-08-03,1300 UTC,
2023-08-03,1400 UTC,
2023-08-03,1500 UTC,
2023-08-03,1600 UTC,
2023-08-03,1700 UTC,
2023-08-03,1800 UTC,
2023-08-03,1900 UTC,
2023-08-03,2000 UTC,
2023-08-03,2100 UTC,
2023-08-04,1000 UTC,
2023-08-04,1100 UTC,
2023-08-04,1200 UTC,
2023-08-04,1300 UTC,
2023-08-04,1400 UTC,
2023-08-04,1500 UTC,
2023-08-04,1600 UTC,
2023-08-04,1700 UTC,
2023-08-04,1800 UTC,
2023-08-04,1900 UTC,
2023-08-04,2000 UTC,
2023-08-04,2100 UTC,
2023-08-05,1000 UTC,
2023-08-05,1100 UTC,
2023-08-05,1200 UTC,
2023-08-05,1300 UTC,
2023-08-05,1400 UTC,
2023-08-05,1500 UTC,
2023-08-05,1600 UTC,
2023-08-05,1700 UTC,
2023-08-05,1800 UTC,
2023-08-05,1900 UTC,
2023-08-05,2000 UTC,
2023-08-05,2100 UTC,
2023-08-06,1000 UTC,
2023-08-06,1100 UTC,
2023-08-06,1200 UTC,
2023-08-06,1300 UTC,
2023-08-06,1400 UTC,
2023-08-06,1500 UTC,
2023-08-06,1600 UTC,
2023-08-06,1700 UTC,
2023-08-06,1800 UTC,
2023-08-06,1900 UTC,
2023-08-06,2000 UTC,
2023-08-06,2100 UTC,
2023-08-07,1000 UTC,
2023-08-07,1100 UTC,
2023-08-07,1200 UTC,
2023-08-07,1300 UTC,
2023-08-07,1400 UTC,
2023-08-07,1500 UTC,
2023-08-07,1600 UTC,
2023-08-07,1700 UTC,
2023-08-07,1800 UTC,
2023-08-07,1900 UTC,1436.0
2023-08-07,2000 UTC,
2023-08-07,2100 UTC,
2023-08-08,1000 UTC,
2023-08-08,1100 UTC,
2023-08-08,1200 UTC,
2023-08-08,1300 UTC,
2023-08-08,1400 UTC,
2023-08-08,1500 UTC,
2023-08-08,1600 UTC,
2023-08-08,1700 UTC,
2023-08-08,1800 UTC,
2023-08-08,1900 UTC,
2023-08-08,2000 UTC,
2023-08-08,2100 UTC,
2023-08-09,1000 UTC,
2023-08-09,1100 UTC,
2023-08-09,1200 UTC,
2023-08-09,1300 UTC,
2023-08-09,1400 UTC,2379.0
2023-08-09,1500 UTC,
2023-08-09,1600 UTC,2713.0
2023-08-09,1700 UTC,
2023-08-09,1800 UTC,
2023-08-09,1900 UTC,
2023-08-09,2000 UTC,
2023-08-09,2100 UTC,
2023-08-10,1000 UTC,
2023-08-10,1100 UTC,
2023-08-10,1200 UTC,
2023-08-10,1300 UTC,1899.0
2023-08-10,1400 UTC,
2023-08-10,1500 UTC,
2023-08-10,1600 UTC,
2023-08-10,1700 UTC,
2023-08-10,1800 UTC,2116.0
2023-08-10,1900 UTC,
2023-08-10,2000 UTC,
2023-08-10,2100 UTC,86.0
2023-08-11,1000 UTC,
2023-08-11,1100 UTC,
2023-08-11,1200 UTC,
2023-08-11,1300 UTC,
2023-08-11,1400 UTC,
2023-08-11,1500 UTC,
2023-08-11,1600 UTC,
2023-08-11,1700 UTC,
2023-08-11,1800 UTC,
2023-08-11,1900 UTC,
2023-08-11,2000 UTC,
2023-08-11,2100 UTC,75.0
2023-08-12,1000 UTC,
2023-08-12,1100 UTC,
2023-08-12,1200 UTC,
2023-08-12,1300 UTC,
2023-08-12,1400 UTC,
2023-08-12,1500 UTC,
2023-08-12,1600 UTC,
2023-08-12,1700 UTC,
2023-08-12,1800 UTC,1814.0
2023-08-12,1900 UTC,
2023-08-12,2000 UTC,
2023-08-12,2100 UTC,
2023-08-13,1000 UTC,
2023-08-13,1100 UTC,376.0
2023-08-13,1200 UTC,
2023-08-13,1300 UTC,1932.0
2023-08-13,1400 UTC,
2023-08-13,1500 UTC,
2023-08-13,1600 UTC,2066.0
2023-08-13,1700 UTC,
2023-08-13,1800 UTC,
2023-08-13,1900 UTC,
2023-08-13,2000 UTC,
2023-08-13,2100 UTC,
2023-08-14,1000 UTC,
2023-08-14,1100 UTC,
2023-08-14,1200 UTC,
2023-08-14,1300 UTC,
2023-08-14,1400 UTC,
2023-08-14,1500 UTC,
2023-08-14,1600 UTC,
2023-08-14,1700 UTC,
2023-08-14,1800 UTC,
2023-08-14,1900 UTC,
2023-08-14,2000 UTC,
2023-08-14,2100 UTC,79.0
2023-08-15,1000 UTC,13.0
2023-08-15,1100 UTC,
2023-08-15,1200 UTC,
2023-08-15,1300 UTC,
2023-08-15,1400 UTC,
2023-08-15,1500 UTC,
2023-08-15,1600 UTC,
2023-08-15,1700 UTC,
2023-08-15,1800 UTC,
2023-08-15,1900 UTC,
2023-08-15,2000 UTC,
2023-08-15,2100 UTC,125.0
2023-08-16,1000 UTC,
2023-08-16,1100 UTC,198.0
2023-08-16,1200 UTC,
2023-08-16,1300 UTC,
2023-08-16,1400 UTC,
2023-08-16,1500 UTC,
2023-08-16,1600 UTC,
2023-08-16,1700 UTC,
2023-08-16,1800 UTC,
2023-08-16,1900 UTC,
2023-08-16,2000 UTC,
2023-08-16,2100 UTC,
2023-08-17,1000 UTC,
2023-08-17,1100 UTC,
2023-08-17,1200 UTC,
2023-08-17,1300 UTC,
2023-08-17,1400 UTC,
2023-08-17,1500 UTC,2681.0
2023-08-17,1600 UTC,2239.0
2023-08-17,1700 UTC,2639.0
2023-08-17,1800 UTC,
2023-08-17,1900 UTC,1992.0
2023-08-17,2000 UTC,
2023-08-17,2100 UTC,
2023-08-18,1000 UTC,
2023-08-18,1100 UTC,
2023-08-18,1200 UTC,
2023-08-18,1300 UTC,
2023-08-18,1400 UTC,
2023-08-18,1500 UTC,
2023-08-18,1600 UTC,2496.0
2023-08-18,1700 UTC,
2023-08-18,1800 UTC,
2023-08-18,1900 UTC,
2023-08-18,2000 UTC,
2023-08-18,2100 UTC,126.0
2023-08-19,1000 UTC,
2023-08-19,1100 UTC,
2023-08-19,1200 UTC,
2023-08-19,1300 UTC,
2023-08-19,1400 UTC,
2023-08-19,1500 UTC,
2023-08-19,1600 UTC,
2023-08-19,1700 UTC,
2023-08-19,1800 UTC,
2023-08-19,1900 UTC,1386.0
2023-08-19,2000 UTC,
2023-08-19,2100 UTC,
2023-08-20,1000 UTC,42.0
2023-08-20,1100 UTC,
2023-08-20,1200 UTC,
2023-08-20,1300 UTC,
2023-08-20,1400 UTC,
2023-08-20,1500 UTC,
2023-08-20,1600 UTC,
2023-08-20,1700 UTC,
2023-08-20,1800 UTC,
2023-08-20,1900 UTC,
2023-08-20,2000 UTC,
2023-08-20,2100 UTC,
2023-08-21,1000 UTC,
2023-08-21,1100 UTC,
2023-08-21,1200 UTC,
2023-08-21,1300 UTC,
2023-08-21,1400 UTC,
2023-08-21,1500 UTC,
2023-08-21,1600 UTC,
2023-08-21,1700 UTC,
2023-08-21,1800 UTC,
2023-08-21,1900 UTC,
2023-08-21,2000 UTC,
2023-08-21,2100 UTC,75.0
2023-08-22,1000 UTC,
2023-08-22,1100 UTC,
2023-08-22,1200 UTC,
2023-08-22,1300 UTC,
2023-08-22,1400 UTC,
2023-08-22,1500 UTC,
2023-08-22,1600 UTC,
2023-08-22,1700 UTC,
2023-08-22,1800 UTC,
2023-08-22,1900 UTC,
2023-08-22,2000 UTC,
2023-08-22,2100 UTC,
2023-08-23,1000 UTC,
2023-08-23,1100 UTC,
2023-08-23,1200 UTC,1156.0
2023-08-23,1300 UTC,
2023-08-23,1400 UTC,
2023-08-23,1500 UTC,
2023-08-23,1600 UTC,
2023-08-23,1700 UTC,
2023-08-23,1800 UTC,
2023-08-23,1900 UTC,
2023-08-23,2000 UTC,
2023-08-23,2100 UTC,
2023-08-24,1000 UTC,
2023-08-24,1100 UTC,
2023-08-24,1200 UTC,
2023-08-24,1300 UTC,
2023-08-24,1400 UTC,
2023-08-24,1500 UTC,
2023-08-24,1600 UTC,
2023-08-24,1700 UTC,
2023-08-24,1800 UTC,
2023-08-24,1900 UTC,
2023-08-24,2000 UTC,
2023-08-24,2100 UTC,
2023-08-25,1000 UTC,
2023-08-25,1100 UTC,415.0
2023-08-25,1200 UTC,
2023-08-25,1300 UTC,
2023-08-25,1400 UTC,
2023-08-25,1500 UTC,2789.0
2023-08-25,1600 UTC,
2023-08-25,1700 UTC,2147.0
2023-08-25,1800 UTC,
2023-08-25,1900 UTC,295.0
2023-08-25,2000 UTC,263.0
2023-08-25,2100 UTC,
2023-08-26,1000 UTC,
2023-08-26,1100 UTC,
2023-08-26,1200 UTC,
2023-08-26,1300 UTC,
2023-08-26,1400 UTC,
2023-08-26,1500 UTC,1252.0
2023-08-26,1600 UTC,
2023-08-26,1700 UTC,
2023-08-26,1800 UTC,
2023-08-26,1900 UTC,
2023-08-26,2000 UTC,
2023-08-26,2100 UTC,
2023-08-27,1000 UTC,
2023-08-27,1100 UTC,
2023-08-27,1200 UTC,
2023-08-27,1300 UTC,
2023-08-27,1400 UTC,
2023-08-27,1500 UTC,
2023-08-27,1600 UTC,
2023-08-27,1700 UTC,
2023-08-27,1800 UTC,
2023-08-27,1900 UTC,
2023-08-27,2000 UTC,
2023-08-27,2100 UTC,
2023-08-28,1000 UTC,
2023-08-28,1100 UTC,
2023-08-28,1200 UTC,735.0
2023-08-28,1300 UTC,
2023-08-28,1400 UTC,2010.0
2023-08-28,1500 UTC,2622.0
2023-08-28,1600 UTC,
2023-08-28,1700 UTC,
2023-08-28,1800 UTC,
2023-08-28,1900 UTC,
2023-08-28,2000 UTC,
2023-08-28,2100 UTC,
2023-08-29,1000 UTC,44.0
2023-08-29,1100 UTC,
2023-08-29,1200 UTC,
2023-08-29,1300 UTC,
2023-08-29,1400 UTC,
2023-08-29,1500 UTC,
2023-08-29,1600 UTC,
2023-08-29,1700 UTC,
2023-08-29,1800 UTC,
2023-08-29,1900 UTC,
2023-08-29,2000 UTC,
2023-08-29,2100 UTC,
2023-08-30,1000 UTC,
2023-08-30,1100 UTC,
2023-08-30,1200 UTC,
2023-08-30,1300 UTC,
2023-08-30,1400 UTC,
2023-08-30,1500 UTC,
2023-08-30,1600 UTC,
2023-08-30,1700 UTC,2863.0
2023-08-30,1800 UTC,
2023-08-30,1900 UTC,
2023-08-30,2000 UTC,
2023-08-30,2100 UTC,
2023-08-31,1000 UTC,
2023-08-31,1100 UTC,568.0
2023-08-31,1200 UTC,
2023-08-31,1300 UTC,2183.0
2023-08-31,1400 UTC,
2023-08-31,1500 UTC,
2023-08-31,1600 UTC,
2023-08-31,1700 UTC,
2023-08-31,1800 UTC,
2023-08-31,1900 UTC,
2023-08-31,2000 UTC,
2023-08-31,2100 UTC,
2023-09-01,1000 UTC,
2023-09-01,1100 UTC,
2023-09-01,1200 UTC,
2023-09-01,1300 UTC,
2023-09-01,1400 UTC,
2023-09-01,1500 UTC,3008.0
2023-09-01,1600 UTC,
2023-09-01,1700 UTC,
2023-09-01,1800 UTC,
2023-09-01,1900 UTC,
2023-09-01,2000 UTC,
2023-09-01,2100 UTC,
2023-09-02,1000 UTC,
2023-09-02,1100 UTC,
2023-09-02,1200 UTC,
2023-09-02,1300 UTC,
2023-09-02,1400 UTC,
2023-09-02,1500 UTC,
2023-09-02,1600 UTC,
2023-09-02,1700 UTC,
2023-09-02,1800 UTC,
2023-09-02,1900 UTC,1398.0
2023-09-02,2000 UTC,
2023-09-02,2100 UTC,
2023-09-02,2200 UTC,
2023-09-03,1000 UTC,
2023-09-03,1100 UTC,
2023-09-03,1200 UTC,
2023-09-03,1300 UTC,1726.0
2023-09-03,1400 UTC,
2023-09-03,1500 UTC,
2023-09-03,1600 UTC,
2023-09-03,1700 UTC,
2023-09-03,1800 UTC,
2023-09-03,1900 UTC,
2023-09-03,2000 UTC,
2023-09-03,2100 UTC,
2023-09-04,1000 UTC,79.0
2023-09-04,1100 UTC,554.0
2023-09-04,1200 UTC,
2023-09-04,1300 UTC,
2023-09-04,1400 UTC,
2023-09-04,1500 UTC,
2023-09-04,1600 UTC,
2023-09-04,1700 UTC,
2023-09-04,1800 UTC,
2023-09-04,1900 UTC,1047.0
2023-09-04,2000 UTC,
2023-09-04,2100 UTC,
2023-09-05,1000 UTC,
2023-09-05,1100 UTC,
2023-09-05,1200 UTC,
2023-09-05,1300 UTC,
2023-09-05,1400 UTC,
2023-09-05,1500 UTC,
2023-09-05,1600 UTC,2823.0
2023-09-05,1700 UTC,
2023-09-05,1800 UTC,
2023-09-05,1900 UTC,
2023-09-05,2000 UTC,
2023-09-05,2100 UTC,
2023-09-06,1000 UTC,
2023-09-06,1100 UTC,
2023-09-06,1200 UTC,1251.0
2023-09-06,1300 UTC,
2023-09-06,1400 UTC,
2023-09-06,1500 UTC,
2023-09-06,1600 UTC,
2023-09-06,1700 UTC,
2023-09-06,1800 UTC,
2023-09-06,1900 UTC,
2023-09-06,2000 UTC,
2023-09-06,2100 UTC,
2023-09-07,1000 UTC,
2023-09-07,1100 UTC,
2023-09-07,1200 UTC,
2023-09-07,1300 UTC,
2023-09-07,1400 UTC,
2023-09-07,1500 UTC,
2023-09-07,1600 UTC,3236.0
2023-09-07,1700 UTC,
2023-09-07,1800 UTC,
2023-09-07,1900 UTC,
2023-09-07,2000 UTC,
2023-09-07,2100 UTC,
2023-09-08,1000 UTC,
2023-09-08,1100 UTC,
2023-09-08,1200 UTC,
2023-09-08,1300 UTC,
2023-09-08,1400 UTC,
2023-09-08,1500 UTC,
2023-09-08,1600 UTC,
2023-09-08,1700 UTC,3186.0
2023-09-08,1800 UTC,
2023-09-08,1900 UTC,
2023-09-08,2000 UTC,
2023-09-08,2100 UTC,
2023-09-09,1000 UTC,
2023-09-09,1100 UTC,
2023-09-09,1200 UTC,
2023-09-09,1300 UTC,
2023-09-09,1400 UTC,
2023-09-09,1500 UTC,
2023-09-09,1600 UTC,
2023-09-09,1700 UTC,
2023-09-09,1800 UTC,
2023-09-09,1900 UTC,
2023-09-09,2000 UTC,
2023-09-09,2100 UTC,
2023-09-10,1000 UTC,68.0
2023-09-10,1100 UTC,
2023-09-10,1200 UTC,
2023-09-10,1300 UTC,
2023-09-10,1400 UTC,
2023-09-10,1500 UTC,
2023-09-10,1600 UTC,
2023-09-10,1700 UTC,
2023-09-10,1800 UTC,
2023-09-10,1900 UTC,
2023-09-10,2000 UTC,
2023-09-10,2100 UTC,
2023-09-11,1000 UTC,89.0
2023-09-11,1100 UTC,665.0
2023-09-11,1200 UTC,
2023-09-11,1300 UTC,
2023-09-11,1400 UTC,
2023-09-11,1500 UTC,
2023-09-11,1600 UTC,
2023-09-11,1700 UTC,
2023-09-11,1800 UTC,
2023-09-11,1900 UTC,
2023-09-11,2000 UTC,
2023-09-11,2100 UTC,
2023-09-12,1000 UTC,
2023-09-12,1100 UTC,
2023-09-12,1200 UTC,
2023-09-12,1300 UTC,
2023-09-12,1400 UTC,
2023-09-12,1500 UTC,
2023-09-12,1600 UTC,2301.0
2023-09-12,1700 UTC,
2023-09-12,1800 UTC,
2023-09-12,1900 UTC,
2023-09-12,2000 UTC,
2023-09-12,2100 UTC,125.0
2023-09-13,1000 UTC,
2023-09-13,1100 UTC,
2023-09-13,1200 UTC,
2023-09-13,1300 UTC,
2023-09-13,1400 UTC,
2023-09-13,1500 UTC,
2023-09-13,1600 UTC,
2023-09-13,1700 UTC,
2023-09-13,1800 UTC,
2023-09-13,1900 UTC,
2023-09-13,2000 UTC,
2023-09-13,2100 UTC,
2023-09-14,1000 UTC,
2023-09-14,1100 UTC,
2023-09-14,1200 UTC,
2023-09-14,1300 UTC,
2023-09-14,1400 UTC,
2023-09-14,1500 UTC,
2023-09-14,1600 UTC,
2023-09-14,1700 UTC,
2023-09-14,1800 UTC,
2023-09-14,1900 UTC,
2023-09-14,2000 UTC,
2023-09-14,2100 UTC,167.0
2023-09-15,1000 UTC,
2023-09-15,1100 UTC,
2023-09-15,1200 UTC,
2023-09-15,1300 UTC,
2023-09-15,1400 UTC,
2023-09-15,1500 UTC,2013.0
2023-09-15,1600 UTC,
2023-09-15,1700 UTC,
2023-09-15,1800 UTC,
2023-09-15,1900 UTC,
2023-09-15,2000 UTC,
2023-09-15,2100 UTC,
2023-09-16,1000 UTC,
2023-09-16,1100 UTC,
2023-09-16,1200 UTC,
2023-09-16,1300 UTC,
2023-09-16,1400 UTC,
2023-09-16,1500 UTC,2776.0
2023-09-16,1600 UTC,
2023-09-16,1700 UTC,
2023-09-16,1800 UTC,
2023-09-16,1900 UTC,
2023-09-16,2000 UTC,673.0
2023-09-16,2100 UTC,
2023-09-17,1000 UTC,32.0
2023-09-17,1100 UTC,
2023-09-17,1200 UTC,
2023-09-17,1300 UTC,
2023-09-17,1400 UTC,
2023-09-17,1500 UTC,
2023-09-17,1600 UTC,
2023-09-17,1700 UTC,
2023-09-17,1800 UTC,
2023-09-17,1900 UTC,
2023-09-17,2000 UTC,
2023-09-17,2100 UTC,
2023-09-18,1000 UTC,134.0
2023-09-18,1100 UTC,
2023-09-18,1200 UTC,1762.0
2023-09-18,1300 UTC,
2023-09-18,1400 UTC,3001.0
2023-09-18,1500 UTC,
2023-09-18,1600 UTC,
2023-09-18,1700 UTC,
2023-09-18,1800 UTC,
2023-09-18,1900 UTC,
2023-09-18,2000 UTC,
2023-09-18,2100 UTC,
2023-09-19,1000 UTC,171.0
2023-09-19,1100 UTC,718.0
2023-09-19,1200 UTC,
2023-09-19,1300 UTC,
2023-09-19,1400 UTC,
2023-09-19,1500 UTC,
2023-09-19,1600 UTC,
2023-09-19,1700 UTC,
2023-09-19,1800 UTC,
2023-09-19,1900 UTC,1875.0
2023-09-19,2000 UTC,
2023-09-19,2100 UTC,
2023-09-20,1000 UTC,129.0
2023-09-20,1100 UTC,
2023-09-20,1200 UTC,
2023-09-20,1300 UTC,
2023-09-20,1400 UTC,
2023-09-20,1500 UTC,
2023-09-20,1600 UTC,
2023-09-20,1700 UTC,
2023-09-20,1800 UTC,
2023-09-20,1900 UTC,
2023-09-20,2000 UTC,
2023-09-20,2100 UTC,211.0
2023-09-21,1000 UTC,
2023-09-21,1100 UTC,
2023-09-21,1200 UTC,
2023-09-21,1300 UTC,
2023-09-21,1400 UTC,
2023-09-21,1500 UTC,
2023-09-21,1600 UTC,
2023-09-21,1700 UTC,
2023-09-21,1800 UTC,
2023-09-21,1900 UTC,
2023-09-21,2000 UTC,
2023-09-21,2100 UTC,
2023-09-22,1000 UTC,
2023-09-22,1100 UTC,
2023-09-22,1200 UTC,
2023-09-22,1300 UTC,
2023-09-22,1400 UTC,
2023-09-22,1500 UTC,
2023-09-22,1600 UTC,
2023-09-22,1700 UTC,
2023-09-22,1800 UTC,
2023-09-22,1900 UTC,
2023-09-22,2000 UTC,
2023-09-22,2100 UTC,
2023-09-23,1000 UTC,
2023-09-23,1100 UTC,
2023-09-23,1200 UTC,
2023-09-23,1300 UTC,
2023-09-23,1400 UTC,
2023-09-23,1500 UTC,
2023-09-23,1600 UTC,
2023-09-23,1700 UTC,
2023-09-23,1800 UTC,
2023-09-23,1900 UTC,
2023-09-23,2000 UTC,
2023-09-23,2100 UTC,
2023-09-24,1000 UTC,
2023-09-24,1100 UTC,
2023-09-24,1200 UTC,1562.0
2023-09-24,1300 UTC,
2023-09-24,1400 UTC,
2023-09-24,1500 UTC,
2023-09-24,1600 UTC,
2023-09-24,1700 UTC,
2023-09-24,1800 UTC,
2023-09-24,1900 UTC,
2023-09-24,2000 UTC,
2023-09-24,2100 UTC,78.0
2023-09-25,1000 UTC,
2023-09-25,1100 UTC,
2023-09-25,1200 UTC,
2023-09-25,1300 UTC,
2023-09-25,1400 UTC,
2023-09-25,1500 UTC,
2023-09-25,1600 UTC,
2023-09-25,1700 UTC,
2023-09-25,1800 UTC,
2023-09-25,1900 UTC,
2023-09-25,2000 UTC,76.0
2023-09-25,2100 UTC,7.0
2023-09-25,2200 UTC,
2023-09-25,2300 UTC,
2023-09-26,0800 UTC,
2023-09-26,1000 UTC,
2023-09-26,1100 UTC,
2023-09-26,1200 UTC,
2023-09-26,1300 UTC,
2023-09-26,1400 UTC,
2023-09-26,1500 UTC,
2023-09-26,1600 UTC,
2023-09-26,1700 UTC,
2023-09-26,1800 UTC,
2023-09-26,1900 UTC,
2023-09-26,2000 UTC,
2023-09-26,2100 UTC,
2023-09-27,1000 UTC,
2023-09-27,1100 UTC,
2023-09-27,1200 UTC,
2023-09-27,1300 UTC,
2023-09-27,1400 UTC,
2023-09-27,1500 UTC,2119.0
2023-09-27,1600 UTC,
2023-09-27,1700 UTC,
2023-09-27,1800 UTC,
2023-09-27,1900 UTC,
2023-09-27,2000 UTC,50.0
2023-09-27,2100 UTC,
2023-09-28,1000 UTC,
2023-09-28,1100 UTC,
2023-09-28,1200 UTC,
2023-09-28,1300 UTC,
2023-09-28,1400 UTC,2852.0
2023-09-28,1500 UTC,2848.0
2023-09-28,1600 UTC,
2023-09-28,1700 UTC,
2023-09-28,1800 UTC,
2023-09-28,1900 UTC,
2023-09-28,2000 UTC,
2023-09-28,2100 UTC,
2023-09-29,1000 UTC,
2023-09-29,1100 UTC,
2023-09-29,1200 UTC,
2023-09-29,1300 UTC,2363.0
2023-09-29,1400 UTC,
2023-09-29,1500 UTC,
2023-09-29,1600 UTC,
2023-09-29,1700 UTC,
2023-09-29,1800 UTC,1833.0
2023-09-29,1900 UTC,
2023-09-29,2000 UTC,
2023-09-29,2100 UTC,
2023-09-30,1000 UTC,
2023-09-30,1100 UTC,
2023-09-30,1200 UTC,
2023-09-30,1300 UTC,
2023-09-30,1400 UTC,
2023-09-30,1500 UTC,2803.0
2023-09-30,1600 UTC,
2023-09-30,1700 UTC,
2023-09-30,1800 UTC,
2023-09-30,1900 UTC,
2023-09-30,2000 UTC,
2023-09-30,2100 UTC,
2023-10-01,1000 UTC,
2023-10-01,1100 UTC,
2023-10-01,1200 UTC,
2023-10-01,1300 UTC,1186.0
2023-10-01,1400 UTC,
2023-10-01,1500 UTC,
2023-10-01,1600 UTC,
2023-10-01,1700 UTC,
2023-10-01,1800 UTC,
2023-10-01,1900 UTC,
2023-10-01,2000 UTC,
2023-10-01,2100 UTC,
2023-10-02,1000 UTC,
2023-10-02,1100 UTC,
2023-10-02,1200 UTC,
2023-10-02,1300 UTC,
2023-10-02,1400 UTC,
2023-10-02,1500 UTC,
2023-10-02,1600 UTC,
2023-10-02,1700 UTC,
2023-10-02,1800 UTC,
2023-10-02,1900 UTC,
2023-10-02,2000 UTC,
2023-10-02,2100 UTC,
2023-10-03,0700 UTC,0.0
2023-10-03,1000 UTC,
2023-10-03,1100 UTC,
2023-10-03,1200 UTC,877.0
2023-10-03,1300 UTC,
2023-10-03,1400 UTC,
2023-10-03,1500 UTC,
2023-10-03,1600 UTC,
2023-10-03,1700 UTC,
2023-10-03,1800 UTC,
2023-10-03,1900 UTC,
2023-10-03,2000 UTC,
2023-10-03,2100 UTC,
2023-10-04,0900 UTC,
2023-10-04,1000 UTC,
2023-10-04,1100 UTC,
2023-10-04,1200 UTC,
2023-10-04,1300 UTC,
2023-10-04,1400 UTC,
2023-10-04,1500 UTC,
2023-10-04,1600 UTC,1405.0
2023-10-04,1700 UTC,
2023-10-04,1800 UTC,
2023-10-04,1900 UTC,
2023-10-04,2000 UTC,
2023-10-04,2100 UTC,119.0
2023-10-05,1000 UTC,
2023-10-05,1100 UTC,
2023-10-05,1200 UTC,1408.0
2023-10-05,1300 UTC,
2023-10-05,1400 UTC,
2023-10-05,1500 UTC,
2023-10-05,1600 UTC,
2023-10-05,1700 UTC,
2023-10-05,1800 UTC,
2023-10-05,1900 UTC,
2023-10-05,2000 UTC,
2023-10-05,2100 UTC,
2023-10-06,0900 UTC,
2023-10-06,1000 UTC,
2023-10-06,1100 UTC,846.0
2023-10-06,1200 UTC,
2023-10-06,1300 UTC,
2023-10-06,1400 UTC,
2023-10-06,1500 UTC,
2023-10-06,1600 UTC,
2023-10-06,1700 UTC,
2023-10-06,1800 UTC,
2023-10-06,1900 UTC,
2023-10-06,2000 UTC,
2023-10-06,2100 UTC,
2023-10-07,0900 UTC,
2023-10-07,1000 UTC,
2023-10-07,1100 UTC,720.0
2023-10-07,1200 UTC,
2023-10-07,1300 UTC,
2023-10-07,1400 UTC,
2023-10-07,1500 UTC,
2023-10-07,1600 UTC,
2023-10-07,1700 UTC,
2023-10-07,1800 UTC,
2023-10-07,1900 UTC,
2023-10-07,2000 UTC,
2023-10-07,2100 UTC,
2023-10-08,0900 UTC,2.0
2023-10-08,1000 UTC,
2023-10-08,1100 UTC,
2023-10-08,1200 UTC,
2023-10-08,1300 UTC,
2023-10-08,1400 UTC,
2023-10-08,1500 UTC,
2023-10-08,1600 UTC,
2023-10-08,1700 UTC,
2023-10-08,1800 UTC,
2023-10-08,1900 UTC,
2023-10-08,2000 UTC,
2023-10-08,2100 UTC,
2023-10-09,0900 UTC,
2023-10-09,1000 UTC,
2023-10-09,1100 UTC,
2023-10-09,1200 UTC,
2023-10-09,1300 UTC,
2023-10-09,1400 UTC,
2023-10-09,1500 UTC,
2023-10-09,1600 UTC,
2023-10-09,1700 UTC,
2023-10-09,1800 UTC,
2023-10-09,1900 UTC,
2023-10-09,2000 UTC,
2023-10-09,2100 UTC,
2023-10-10,0900 UTC,
2023-10-10,1000 UTC,
2023-10-10,1100 UTC,631.0
2023-10-10,1200 UTC,
2023-10-10,1300 UTC,
2023-10-10,1400 UTC,
2023-10-10,1500 UTC,
2023-10-10,1600 UTC,
2023-10-10,1700 UTC,
2023-10-10,1800 UTC,
2023-10-10,1900 UTC,
2023-10-10,2000 UTC,
2023-10-10,2100 UTC,
2023-10-11,0900 UTC,
2023-10-11,1000 UTC,
2023-10-11,1100 UTC,
2023-10-11,1200 UTC,
2023-10-11,1300 UTC,
2023-10-11,1400 UTC,
2023-10-11,1500 UTC,3317.0
2023-10-11,1600 UTC,
2023-10-11,1700 UTC,
2023-10-11,1800 UTC,
2023-10-11,1900 UTC,
2023-10-11,2000 UTC,
2023-10-11,2100 UTC,
2023-10-12,0900 UTC,
2023-10-12,1000 UTC,
2023-10-12,1100 UTC,
2023-10-12,1200 UTC,
2023-10-12,1300 UTC,
2023-10-12,1400 UTC,
2023-10-12,1500 UTC,
2023-10-12,1600 UTC,
2023-10-12,1700 UTC,
2023-10-12,1800 UTC,
2023-10-12,1900 UTC,
2023-10-12,2000 UTC,
2023-10-12,2100 UTC,
2023-10-13,1000 UTC,
2023-10-13,1100 UTC,
2023-10-13,1200 UTC,
2023-10-13,1300 UTC,
2023-10-13,1400 UTC,
2023-10-13,1500 UTC,
2023-10-13,1600 UTC,
2023-10-13,1700 UTC,
2023-10-13,1800 UTC,1718.0
2023-10-13,1900 UTC,
2023-10-13,2000 UTC,
2023-10-13,2100 UTC,
2023-10-14,0900 UTC,
2023-10-14,1000 UTC,
2023-10-14,1100 UTC,
2023-10-14,1200 UTC,
2023-10-14,1300 UTC,
2023-10-14,1400 UTC,
2023-10-14,1500 UTC,
2023-10-14,1600 UTC,
2023-10-14,1700 UTC,
2023-10-14,1800 UTC,
2023-10-14,1900 UTC,
2023-10-14,2000 UTC,
2023-10-14,2100 UTC,
2023-10-14,2200 UTC,
2023-10-15,0900 UTC,
2023-10-15,1000 UTC,
2023-10-15,1100 UTC,
2023-10-15,1200 UTC,1733.0
2023-10-15,1300 UTC,2638.0
2023-10-15,1400 UTC,
2023-10-15,1500 UTC,
2023-10-15,1600 UTC,
2023-10-15,1700 UTC,3159.0
2023-10-15,1800 UTC,1520.0
2023-10-15,1900 UTC,
2023-10-15,2000 UTC,
2023-10-15,2100 UTC,
2023-10-16,0900 UTC,
2023-10-16,1000 UTC,
2023-10-16,1100 UTC,
2023-10-16,1200 UTC,
2023-10-16,1300 UTC,1749.0
2023-10-16,1400 UTC,2610.0
2023-10-16,1500 UTC,
2023-10-16,1600 UTC,
2023-10-16,1700 UTC,
2023-10-16,1800 UTC,2777.0
2023-10-16,1900 UTC,
2023-10-16,2000 UTC,
2023-10-16,2100 UTC,
2023-10-17,0900 UTC,10.0
2023-10-17,1000 UTC,
2023-10-17,1100 UTC,
2023-10-17,1200 UTC,
2023-10-17,1300 UTC,
2023-10-17,1400 UTC,
2023-10-17,1500 UTC,
2023-10-17,1600 UTC,
2023-10-17,1700 UTC,
2023-10-17,1800 UTC,
2023-10-17,1900 UTC,
2023-10-17,2000 UTC,
2023-10-17,2100 UTC,
2023-10-18,0900 UTC,
2023-10-18,1000 UTC,
2023-10-18,1100 UTC,
2023-10-18,1200 UTC,
2023-10-18,1300 UTC,2861.0
2023-10-18,1400 UTC,
2023-10-18,1500 UTC,3508.0
2023-10-18,1600 UTC,
2023-10-18,1700 UTC,
2023-10-18,1800 UTC,
2023-10-18,1900 UTC,
2023-10-18,2000 UTC,
2023-10-18,2100 UTC,
2023-10-19,0900 UTC,
2023-10-19,1000 UTC,
2023-10-19,1100 UTC,
2023-10-19,1200 UTC,2198.0
2023-10-19,1300 UTC,
2023-10-19,1400 UTC,
2023-10-19,1500 UTC,
2023-10-19,1600 UTC,
2023-10-19,1700 UTC,
2023-10-19,1800 UTC,
2023-10-19,1900 UTC,
2023-10-19,2000 UTC,
2023-10-19,2100 UTC,
2023-10-20,0900 UTC,8.0
2023-10-20,1000 UTC,
2023-10-20,1100 UTC,
2023-10-20,1200 UTC,
2023-10-20,1300 UTC,
2023-10-20,1400 UTC,
2023-10-20,1500 UTC,2702.0
2023-10-20,1600 UTC,
2023-10-20,1700 UTC,1821.0
2023-10-20,1800 UTC,
2023-10-20,1900 UTC,
2023-10-20,2000 UTC,
2023-10-20,2100 UTC,
2023-10-20,2200 UTC,
2023-10-21,0900 UTC,
2023-10-21,1000 UTC,
2023-10-21,1100 UTC,
2023-10-21,1200 UTC,
2023-10-21,1300 UTC,
2023-10-21,1400 UTC,
2023-10-21,1500 UTC,
2023-10-21,1600 UTC,2884.0
2023-10-21,1700 UTC,
2023-10-21,1800 UTC,
2023-10-21,1900 UTC,
2023-10-21,2000 UTC,
2023-10-21,2100 UTC,
2023-10-22,0900 UTC,
2023-10-22,1000 UTC,
2023-10-22,1100 UTC,
2023-10-22,1200 UTC,
2023-10-22,1300 UTC,
2023-10-22,1400 UTC,
2023-10-22,1500 UTC,
2023-10-22,1600 UTC,
2023-10-22,1700 UTC,
2023-10-22,1800 UTC,2217.0
2023-10-22,1900 UTC,
2023-10-22,2000 UTC,
2023-10-22,2100 UTC,
2023-10-23,0900 UTC,
2023-10-23,1000 UTC,487.0
2023-10-23,1100 UTC,
2023-10-23,1200 UTC,
2023-10-23,1300 UTC,
2023-10-23,1400 UTC,
2023-10-23,1500 UTC,
2023-10-23,1600 UTC,2286.0
2023-10-23,1700 UTC,
2023-10-23,1800 UTC,
2023-10-23,1900 UTC,
2023-10-23,2000 UTC,
2023-10-23,2100 UTC,
2023-10-24,0900 UTC,
2023-10-24,1000 UTC,
2023-10-24,1100 UTC,
2023-10-24,1200 UTC,
2023-10-24,1300 UTC,
2023-10-24,1400 UTC,
2023-10-24,1500 UTC,
2023-10-24,1600 UTC,3226.0
2023-10-24,1700 UTC,
2023-10-24,1800 UTC,
2023-10-24,1900 UTC,
2023-10-24,2000 UTC,
2023-10-24,2100 UTC,
2023-10-24,2200 UTC,
2023-10-25,0900 UTC,
2023-10-25,1000 UTC,
2023-10-25,1100 UTC,
2023-10-25,1200 UTC,
2023-10-25,1300 UTC,
2023-10-25,1400 UTC,
2023-10-25,1500 UTC,
2023-10-25,1600 UTC,
2023-10-25,1700 UTC,
2023-10-25,1800 UTC,1272.0
2023-10-25,1900 UTC,
2023-10-25,2000 UTC,
2023-10-25,2100 UTC,
2023-10-26,0900 UTC,
2023-10-26,1000 UTC,
2023-10-26,1100 UTC,
2023-10-26,1200 UTC,
2023-10-26,1300 UTC,
2023-10-26,1400 UTC,
2023-10-26,1500 UTC,
2023-10-26,1600 UTC,
2023-10-26,1700 UTC,3266.0
2023-10-26,1800 UTC,
2023-10-26,1900 UTC,
2023-10-26,2000 UTC,
2023-10-26,2100 UTC,
2023-10-27,0900 UTC,
2023-10-27,1000 UTC,
2023-10-27,1100 UTC,
2023-10-27,1200 UTC,
2023-10-27,1300 UTC,
2023-10-27,1400 UTC,
2023-10-27,1500 UTC,
2023-10-27,1600 UTC,
2023-10-27,1700 UTC,
2023-10-27,1800 UTC,
2023-10-27,1900 UTC,
2023-10-27,2000 UTC,794.0
2023-10-27,2100 UTC,
2023-10-28,0900 UTC,
2023-10-28,1000 UTC,
2023-10-28,1100 UTC,
2023-10-28,1200 UTC,
2023-10-28,1300 UTC,
2023-10-28,1400 UTC,
2023-10-28,1500 UTC,
2023-10-28,1600 UTC,
2023-10-28,1700 UTC,
2023-10-28,1800 UTC,
2023-10-28,1900 UTC,
2023-10-28,2000 UTC,1071.0
2023-10-28,2100 UTC,250.0
2023-10-28,2200 UTC,
2023-10-29,0900 UTC,
2023-10-29,1000 UTC,
2023-10-29,1100 UTC,1159.0
2023-10-29,1200 UTC,
2023-10-29,1300 UTC,2798.0
2023-10-29,1400 UTC,
2023-10-29,1500 UTC,
2023-10-29,1600 UTC,3380.0
2023-10-29,1700 UTC,
2023-10-29,1800 UTC,
2023-10-29,1900 UTC,
2023-10-29,2000 UTC,1456.0
2023-10-29,2100 UTC,
2023-10-29,2200 UTC,
2023-10-30,0900 UTC,
2023-10-30,1000 UTC,
2023-10-30,1100 UTC,1068.0
2023-10-30,1200 UTC,
2023-10-30,1300 UTC,
2023-10-30,1400 UTC,
2023-10-30,1500 UTC,
2023-10-30,1600 UTC,
2023-10-30,1700 UTC,
2023-10-30,1800 UTC,
2023-10-30,1900 UTC,
2023-10-30,2000 UTC,
2023-10-30,2100 UTC,
2023-10-31,0900 UTC,
2023-10-31,1000 UTC,
2023-10-31,1100 UTC,
2023-10-31,1200 UTC,
2023-10-31,1300 UTC,
2023-10-31,1400 UTC,
2023-10-31,1500 UTC,
2023-10-31,1600 UTC,
2023-10-31,1700 UTC,
2023-10-31,1800 UTC,2427.0
2023-10-31,1900 UTC,
2023-10-31,2000 UTC,
2023-10-31,2100 UTC,
2023-11-01,0900 UTC,
2023-11-01,1000 UTC,
2023-11-01,1100 UTC,1359.0
2023-11-01,1200 UTC,
2023-11-01,1300 UTC,
2023-11-01,1400 UTC,
2023-11-01,1500 UTC,
2023-11-01,1600 UTC,
2023-11-01,1700 UTC,
2023-11-01,1800 UTC,
2023-11-01,1900 UTC,
2023-11-01,2000 UTC,
2023-11-01,2100 UTC,
2023-11-02,0900 UTC,
2023-11-02,1000 UTC,
2023-11-02,1100 UTC,
2023-11-02,1200 UTC,
2023-11-02,1300 UTC,
2023-11-02,1400 UTC,
2023-11-02,1500 UTC,
2023-11-02,1600 UTC,
2023-11-02,1700 UTC,
2023-11-02,1800 UTC,
2023-11-02,1900 UTC,
2023-11-02,2000 UTC,
2023-11-02,2100 UTC,
2023-11-03,0900 UTC,22.0
2023-11-03,1000 UTC,
2023-11-03,1100 UTC,
2023-11-03,1200 UTC,
2023-11-03,1300 UTC,
2023-11-03,1400 UTC,
2023-11-03,1500 UTC,
2023-11-03,1600 UTC,
2023-11-03,1700 UTC,
2023-11-03,1800 UTC,
2023-11-03,1900 UTC,
2023-11-03,2000 UTC,
2023-11-03,2100 UTC,
2023-11-03,2200 UTC,
2023-11-04,0900 UTC,
2023-11-04,1000 UTC,
2023-11-04,1100 UTC,
2023-11-04,1200 UTC,
2023-11-04,1300 UTC,
2023-11-04,1400 UTC,
2023-11-04,1500 UTC,
2023-11-04,1600 UTC,
2023-11-04,1700 UTC,
2023-11-04,1800 UTC,
2023-11-04,1900 UTC,
2023-11-04,2000 UTC,
2023-11-04,2100 UTC,
2023-11-04,2200 UTC,
2023-11-05,0900 UTC,
2023-11-05,1000 UTC,
2023-11-05,1100 UTC,
2023-11-05,1200 UTC,
2023-11-05,1300 UTC,
2023-11-05,1400 UTC,
2023-11-05,1500 UTC,
2023-11-05,1600 UTC,
2023-11-05,1700 UTC,3313.0
2023-11-05,1800 UTC,
2023-11-05,1900 UTC,
2023-11-05,2000 UTC,
2023-11-05,2100 UTC,
2023-11-05,2200 UTC,
2023-11-05,2300 UTC,
2023-11-06,0900 UTC,
2023-11-06,1000 UTC,
2023-11-06,1100 UTC,
2023-11-06,1200 UTC,2119.0
2023-11-06,1300 UTC,
2023-11-06,1400 UTC,
2023-11-06,1500 UTC,
2023-11-06,1600 UTC,
2023-11-06,1700 UTC,
2023-11-06,1800 UTC,
2023-11-06,1900 UTC,
2023-11-06,2000 UTC,
2023-11-06,2100 UTC,
2023-11-06,2200 UTC,
2023-11-07,0900 UTC,
2023-11-07,1000 UTC,
2023-11-07,1100 UTC,
2023-11-07,1200 UTC,
2023-11-07,1300 UTC,
2023-11-07,1400 UTC,
2023-11-07,1500 UTC,
2023-11-07,1600 UTC,
2023-11-07,1700 UTC,
2023-11-07,1800 UTC,
2023-11-07,1900 UTC,
2023-11-07,2000 UTC,
2023-11-07,2100 UTC,
2023-11-07,2200 UTC,
2023-11-08,0900 UTC,
2023-11-08,1000 UTC,
2023-11-08,1100 UTC,
2023-11-08,1200 UTC,
2023-11-08,1300 UTC,2927.0
2023-11-08,1400 UTC,
2023-11-08,1500 UTC,
2023-11-08,1600 UTC,
2023-11-08,1700 UTC,
2023-11-08,1800 UTC,
2023-11-08,1900 UTC,
2023-11-08,2000 UTC,
2023-11-08,2100 UTC,138.0
2023-11-08,2200 UTC,
2023-11-09,0900 UTC,
2023-11-09,1000 UTC,
2023-11-09,1100 UTC,
2023-11-09,1200 UTC,
2023-11-09,1300 UTC,
2023-11-09,1400 UTC,
2023-11-09,1500 UTC,
2023-11-09,1600 UTC,
2023-11-09,1700 UTC,
2023-11-09,1800 UTC,
2023-11-09,1900 UTC,
2023-11-09,2000 UTC,
2023-11-09,2100 UTC,
2023-11-09,2200 UTC,
2023-11-10,0900 UTC,
2023-11-10,1000 UTC,
2023-11-10,1100 UTC,
2023-11-10,1200 UTC,
2023-11-10,1300 UTC,
2023-11-10,1400 UTC,
2023-11-10,1500 UTC,
2023-11-10,1600 UTC,
2023-11-10,1700 UTC,
2023-11-10,1800 UTC,
2023-11-10,1900 UTC,
2023-11-10,2000 UTC,
2023-11-10,2100 UTC,
2023-11-10,2200 UTC,
2023-11-11,0900 UTC,
2023-11-11,1000 UTC,
2023-11-11,1100 UTC,
2023-11-11,1200 UTC,
2023-11-11,1300 UTC,
2023-11-11,1400 UTC,
2023-11-11,1500 UTC,3582.0
2023-11-11,1600 UTC,
2023-11-11,1700 UTC,
2023-11-11,1800 UTC,
2023-11-11,1900 UTC,
2023-11-11,2000 UTC,
2023-11-11,2100 UTC,
2023-11-11,2200 UTC,6.0
2023-11-12,0900 UTC,
2023-11-12,1000 UTC,
2023-11-12,1100 UTC,
2023-11-12,1200 UTC,
2023-11-12,1300 UTC,
2023-11-12,1400 UTC,
2023-11-12,1500 UTC,
2023-11-12,1600 UTC,
2023-11-12,1700 UTC,
2023-11-12,1800 UTC,
2023-11-12,1900 UTC,
2023-11-12,2000 UTC,1228.0
2023-11-12,2100 UTC,
2023-11-12,2200 UTC,
2023-11-13,0900 UTC,
2023-11-13,1000 UTC,
2023-11-13,1100 UTC,
2023-11-13,1200 UTC,
2023-11-13,1300 UTC,
2023-11-13,1400 UTC,
2023-11-13,1500 UTC,
2023-11-13,1600 UTC,
2023-11-13,1700 UTC,
2023-11-13,1800 UTC,
2023-11-13,1900 UTC,
2023-11-13,2000 UTC,
2023-11-13,2100 UTC,165.0
2023-11-13,2200 UTC,
2023-11-14,0900 UTC,
2023-11-14,1000 UTC,
2023-11-14,1100 UTC,
2023-11-14,1200 UTC,
2023-11-14,1300 UTC,
2023-11-14,1400 UTC,
2023-11-14,1500 UTC,
2023-11-14,1600 UTC,
2023-11-14,1700 UTC,
2023-11-14,1800 UTC,2137.0
2023-11-14,1900 UTC,
2023-11-14,2000 UTC,
2023-11-14,2100 UTC,
2023-11-14,2200 UTC,
2023-11-15,0900 UTC,
2023-11-15,1000 UTC,
2023-11-15,1100 UTC,
2023-11-15,1200 UTC,
2023-11-15,1300 UTC,
2023-11-15,1400 UTC,
2023-11-15,1500 UTC,
2023-11-15,1600 UTC,
2023-11-15,1700 UTC,
2023-11-15,1800 UTC,
2023-11-15,1900 UTC,
2023-11-15,2000 UTC,
2023-11-15,2100 UTC,
2023-11-15,2200 UTC,
2023-11-16,0900 UTC,
2023-11-16,1000 UTC,
2023-11-16,1100 UTC,
2023-11-16,1200 UTC,
2023-11-16,1300 UTC,
2023-11-16,1400 UTC,
2023-11-16,1500 UTC,
2023-11-16,1600 UTC,
2023-11-16,1700 UTC,2563.0
2023-11-16,1800 UTC,
2023-11-16,1900 UTC,
2023-11-16,2000 UTC,
2023-11-16,2100 UTC,
2023-11-16,2200 UTC,
2023-11-17,0900 UTC,
2023-11-17,1000 UTC,
2023-11-17,1100 UTC,
2023-11-17,1200 UTC,
2023-11-17,1300 UTC,
2023-11-17,1400 UTC,
2023-11-17,1500 UTC,
2023-11-17,1600 UTC,
2023-11-17,1700 UTC,
2023-11-17,1800 UTC,
2023-11-17,1900 UTC,
2023-11-17,2000 UTC,
2023-11-17,2100 UTC,
2023-11-17,2200 UTC,
2023-11-18,0900 UTC,
2023-11-18,1000 UTC,
2023-11-18,1100 UTC,
2023-11-18,1200 UTC,
2023-11-18,1300 UTC,
2023-11-18,1400 UTC,3365.0
2023-11-18,1500 UTC,
2023-11-18,1600 UTC,
2023-11-18,1700 UTC,
2023-11-18,1800 UTC,2812.0
2023-11-18,1900 UTC,
2023-11-18,2000 UTC,
2023-11-18,2100 UTC,
2023-11-18,2200 UTC,
2023-11-19,0900 UTC,
2023-11-19,1000 UTC,
2023-11-19,1100 UTC,1455.0
2023-11-19,1200 UTC,
2023-11-19,1300 UTC,
2023-11-19,1400 UTC,
2023-11-19,1500 UTC,
2023-11-19,1600 UTC,
2023-11-19,1700 UTC,
2023-11-19,1800 UTC,
2023-11-19,1900 UTC,
2023-11-19,2000 UTC,
2023-11-19,2100 UTC,
2023-11-19,2200 UTC,
2023-11-20,0900 UTC,
2023-11-20,1000 UTC,
2023-11-20,1100 UTC,
2023-11-20,1200 UTC,
2023-11-20,1300 UTC,
2023-11-20,1400 UTC,
2023-11-20,1500 UTC,
2023-11-20,1600 UTC,1324.0
2023-11-20,1700 UTC,
2023-11-20,1800 UTC,
2023-11-20,1900 UTC,
2023-11-20,2000 UTC,
2023-11-20,2100 UTC,
2023-11-20,2200 UTC,
2023-11-21,0900 UTC,
2023-11-21,1000 UTC,
2023-11-21,1100 UTC,
2023-11-21,1200 UTC,
2023-11-21,1300 UTC,
2023-11-21,1400 UTC,
2023-11-21,1500 UTC,
2023-11-21,1600 UTC,
2023-11-21,1700 UTC,
2023-11-21,1800 UTC,
2023-11-21,1900 UTC,
2023-11-21,2000 UTC,
2023-11-21,2100 UTC,
2023-11-21,2200 UTC,
2023-11-22,0900 UTC,
2023-11-22,1000 UTC,
2023-11-22,1100 UTC,
2023-11-22,1200 UTC,
2023-11-22,1300 UTC,1419.0
2023-11-22,1400 UTC,
2023-11-22,1500 UTC,
2023-11-22,1600 UTC,263.0
2023-11-22,1700 UTC,
2023-11-22,1800 UTC,
2023-11-22,1900 UTC,
2023-11-22,2000 UTC,
2023-11-22,2100 UTC,
2023-11-22,2200 UTC,
2023-11-23,0900 UTC,
2023-11-23,1000 UTC,
2023-11-23,1100 UTC,396.0
2023-11-23,1200 UTC,
2023-11-23,1300 UTC,
2023-11-23,1400 UTC,1839.0
2023-11-23,1500 UTC,
2023-11-23,1600 UTC,
2023-11-23,1700 UTC,
2023-11-23,1800 UTC,
2023-11-23,1900 UTC,
2023-11-23,2000 UTC,407.0
2023-11-23,2100 UTC,
2023-11-23,2200 UTC,
2023-11-24,0900 UTC,
2023-11-24,1000 UTC,
2023-11-24,1100 UTC,
2023-11-24,1200 UTC,
2023-11-24,1300 UTC,
2023-11-24,1400 UTC,
2023-11-24,1500 UTC,
2023-11-24,1600 UTC,
2023-11-24,1700 UTC,
2023-11-24,1800 UTC,2338.0
2023-11-24,1900 UTC,
2023-11-24,2000 UTC,
2023-11-24,2100 UTC,
2023-11-24,2200 UTC,
2023-11-25,0900 UTC,29.0
2023-11-25,1000 UTC,
2023-11-25,1100 UTC,
2023-11-25,1200 UTC,
2023-11-25,1300 UTC,
2023-11-25,1400 UTC,3117.0
2023-11-25,1500 UTC,
2023-11-25,1600 UTC,
2023-11-25,1700 UTC,
2023-11-25,1800 UTC,
2023-11-25,1900 UTC,
2023-11-25,2000 UTC,
2023-11-25,2100 UTC,
2023-11-25,2200 UTC,
2023-11-26,0900 UTC,
2023-11-26,1000 UTC,
2023-11-26,1100 UTC,
2023-11-26,1200 UTC,
2023-11-26,1300 UTC,
2023-11-26,1400 UTC,
2023-11-26,1500 UTC,
2023-11-26,1600 UTC,
2023-11-26,1700 UTC,
2023-11-26,1800 UTC,
2023-11-26,1900 UTC,
2023-11-26,2000 UTC,
2023-11-26,2100 UTC,
2023-11-27,0900 UTC,
2023-11-27,1000 UTC,
2023-11-27,1100 UTC,
2023-11-27,1200 UTC,
2023-11-27,1300 UTC,
2023-11-27,1400 UTC,
2023-11-27,1500 UTC,
2023-11-27,1600 UTC,
2023-11-27,1700 UTC,
2023-11-27,1800 UTC,
2023-11-27,1900 UTC,
2023-11-27,2000 UTC,
2023-11-27,2100 UTC,
2023-11-27,2200 UTC,
2023-11-28,0900 UTC,
2023-11-28,1000 UTC,413.0
2023-11-28,1100 UTC,
2023-11-28,1200 UTC,
2023-11-28,1300 UTC,
2023-11-28,1400 UTC,
2023-11-28,1500 UTC,
2023-11-28,1600 UTC,
2023-11-28,1700 UTC,
2023-11-28,1800 UTC,
2023-11-28,1900 UTC,1024.0
2023-11-28,2000 UTC,
2023-11-28,2100 UTC,
2023-11-28,2200 UTC,
2023-11-29,0900 UTC,
2023-11-29,1000 UTC,
2023-11-29,1100 UTC,
2023-11-29,1200 UTC,
2023-11-29,1300 UTC,
2023-11-29,1400 UTC,
2023-11-29,1500 UTC,
2023-11-29,1600 UTC,
2023-11-29,1700 UTC,
2023-11-29,1800 UTC,
2023-11-29,1900 UTC,
2023-11-29,2000 UTC,
2023-11-29,2100 UTC,
2023-11-29,2200 UTC,
2023-11-30,0900 UTC,
2023-11-30,1000 UTC,
2023-11-30,1100 UTC,
2023-11-30,1200 UTC,
2023-11-30,1300 UTC,
2023-11-30,1400 UTC,
2023-11-30,1500 UTC,1756.0
2023-11-30,1600 UTC,
2023-11-30,1700 UTC,
2023-11-30,1800 UTC,
2023-11-30,1900 UTC,
2023-11-30,2000 UTC,
2023-11-30,2100 UTC,
2023-11-30,2200 UTC,
2023-12-01,0900 UTC,
2023-12-01,1000 UTC,
2023-12-01,1100 UTC,
2023-12-01,1200 UTC,
2023-12-01,1300 UTC,
2023-12-01,1400 UTC,
2023-12-01,1500 UTC,
2023-12-01,1600 UTC,
2023-12-01,1700 UTC,
2023-12-01,1800 UTC,
2023-12-01,1900 UTC,
2023-12-01,2000 UTC,
2023-12-01,2100 UTC,
2023-12-01,2200 UTC,
2023-12-02,0900 UTC,24.0
2023-12-02,1000 UTC,
2023-12-02,1100 UTC,
2023-12-02,1200 UTC,
2023-12-02,1300 UTC,
2023-12-02,1400 UTC,
2023-12-02,1500 UTC,
2023-12-02,1600 UTC,
2023-12-02,1700 UTC,
2023-12-02,1800 UTC,
2023-12-02,1900 UTC,
2023-12-02,2000 UTC,
2023-12-02,2100 UTC,
2023-12-03,0900 UTC,
2023-12-03,1000 UTC,
2023-12-03,1100 UTC,
2023-12-03,1200 UTC,
2023-12-03,1300 UTC,
2023-12-03,1400 UTC,
2023-12-03,1500 UTC,
2023-12-03,1600 UTC,
2023-12-03,1700 UTC,
2023-12-03,1800 UTC,
2023-12-03,1900 UTC,
2023-12-03,2000 UTC,
2023-12-03,2100 UTC,
2023-12-03,2200 UTC,
2023-12-04,0900 UTC,
2023-12-04,1000 UTC,
2023-12-04,1100 UTC,
2023-12-04,1200 UTC,1865.0
2023-12-04,1300 UTC,
2023-12-04,1400 UTC,
2023-12-04,1500 UTC,
2023-12-04,1600 UTC,
2023-12-04,1700 UTC,
2023-12-04,1800 UTC,990.0
2023-12-04,1900 UTC,1141.0
2023-12-04,2000 UTC,654.0
2023-12-04,2100 UTC,
2023-12-04,2200 UTC,
2023-12-05,0900 UTC,
2023-12-05,1000 UTC,
2023-12-05,1100 UTC,
2023-12-05,1200 UTC,
2023-12-05,1300 UTC,
2023-12-05,1400 UTC,2527.0
2023-12-05,1500 UTC,
2023-12-05,1600 UTC,
2023-12-05,1700 UTC,
2023-12-05,1800 UTC,
2023-12-05,1900 UTC,
2023-12-05,2000 UTC,
2023-12-05,2100 UTC,
2023-12-06,0900 UTC,
2023-12-06,1000 UTC,
2023-12-06,1100 UTC,
2023-12-06,1200 UTC,2248.0
2023-12-06,1300 UTC,2940.0
2023-12-06,1400 UTC,3394.0
2023-12-06,1500 UTC,
2023-12-06,1600 UTC,
2023-12-06,1700 UTC,
2023-12-06,1800 UTC,
2023-12-06,1900 UTC,
2023-12-06,2000 UTC,
2023-12-06,2100 UTC,
2023-12-06,2200 UTC,
2023-12-07,0900 UTC,
2023-12-07,1000 UTC,
2023-12-07,1100 UTC,
2023-12-07,1200 UTC,2241.0
2023-12-07,1300 UTC,
2023-12-07,1400 UTC,
2023-12-07,1500 UTC,
2023-12-07,1600 UTC,
2023-12-07,1700 UTC,
2023-12-07,1800 UTC,
2023-12-07,1900 UTC,
2023-12-07,2000 UTC,
2023-12-07,2100 UTC,334.0
2023-12-07,2200 UTC,
2023-12-08,0900 UTC,
2023-12-08,1000 UTC,
2023-12-08,1100 UTC,1388.0
2023-12-08,1200 UTC,
2023-12-08,1300 UTC,
2023-12-08,1400 UTC,3653.0
2023-12-08,1500 UTC,
2023-12-08,1600 UTC,
2023-12-08,1700 UTC,
2023-12-08,1800 UTC,
2023-12-08,1900 UTC,2349.0
2023-12-08,2000 UTC,
2023-12-08,2100 UTC,
2023-12-08,2200 UTC,
2023-12-09,0900 UTC,
2023-12-09,1000 UTC,
2023-12-09,1100 UTC,
2023-12-09,1200 UTC,
2023-12-09,1300 UTC,
2023-12-09,1400 UTC,3494.0
2023-12-09,1500 UTC,
2023-12-09,1600 UTC,
2023-12-09,1700 UTC,
2023-12-09,1800 UTC,424.0
2023-12-09,1900 UTC,
2023-12-09,2000 UTC,
2023-12-09,2100 UTC,
2023-12-09,2200 UTC,
2023-12-10,0900 UTC,32.0
2023-12-10,1000 UTC,
2023-12-10,1100 UTC,1322.0
2023-12-10,1200 UTC,
2023-12-10,1300 UTC,
2023-12-10,1400 UTC,
2023-12-10,1500 UTC,3613.0
2023-12-10,1600 UTC,3218.0
2023-12-10,1700 UTC,
2023-12-10,1800 UTC,
2023-12-10,1900 UTC,
2023-12-10,2000 UTC,
2023-12-10,2100 UTC,326.0
2023-12-10,2200 UTC,
2023-12-11,0900 UTC,
2023-12-11,1000 UTC,
2023-12-11,1100 UTC,
2023-12-11,1200 UTC,
2023-12-11,1300 UTC,
2023-12-11,1400 UTC,
2023-12-11,1500 UTC,
2023-12-11,1600 UTC,
2023-12-11,1700 UTC,
2023-12-11,1800 UTC,
2023-12-11,1900 UTC,
2023-12-11,2000 UTC,
2023-12-11,2100 UTC,
2023-12-11,2200 UTC,
2023-12-12,0900 UTC,
2023-12-12,1000 UTC,
2023-12-12,1100 UTC,
2023-12-12,1200 UTC,
2023-12-12,1300 UTC,
2023-12-12,1400 UTC,
2023-12-12,1500 UTC,
2023-12-12,1600 UTC,
2023-12-12,1700 UTC,
2023-12-12,1800 UTC,
2023-12-12,1900 UTC,
2023-12-12,2000 UTC,
2023-12-12,2100 UTC,
2023-12-12,2200 UTC,
2023-12-13,0900 UTC,
2023-12-13,1000 UTC,
2023-12-13,1100 UTC,
2023-12-13,1200 UTC,
2023-12-13,1300 UTC,
2023-12-13,1400 UTC,
2023-12-13,1500 UTC,
2023-12-13,1600 UTC,
2023-12-13,1700 UTC,
2023-12-13,1800 UTC,
2023-12-13,1900 UTC,
2023-12-13,2000 UTC,
2023-12-13,2100 UTC,
2023-12-13,2200 UTC,
2023-12-14,0900 UTC,
2023-12-14,1000 UTC,
2023-12-14,1100 UTC,1124.0
2023-12-14,1200 UTC,
2023-12-14,1300 UTC,
2023-12-14,1400 UTC,
2023-12-14,1500 UTC,
2023-12-14,1600 UTC,
2023-12-14,1700 UTC,
2023-12-14,1800 UTC,2738.0
2023-12-14,1900 UTC,
2023-12-14,2000 UTC,
2023-12-14,2100 UTC,
2023-12-14,2200 UTC,
2023-12-15,0900 UTC,
2023-12-15,1000 UTC,
2023-12-15,1100 UTC,
2023-12-15,1200 UTC,
2023-12-15,1300 UTC,
2023-12-15,1400 UTC,
2023-12-15,1500 UTC,
2023-12-15,1600 UTC,
2023-12-15,1700 UTC,
2023-12-15,1800 UTC,
2023-12-15,1900 UTC,
2023-12-15,2000 UTC,1467.0
2023-12-15,2100 UTC,457.0
2023-12-15,2200 UTC,
2023-12-16,0900 UTC,
2023-12-16,1000 UTC,
2023-12-16,1100 UTC,1394.0
2023-12-16,1200 UTC,
2023-12-16,1300 UTC,
2023-12-16,1400 UTC,
2023-12-16,1500 UTC,
2023-12-16,1600 UTC,
2023-12-16,1700 UTC,
2023-12-16,1800 UTC,3136.0
2023-12-16,1900 UTC,2430.0
2023-12-16,2000 UTC,
2023-12-16,2100 UTC,
2023-12-16,2200 UTC,
2023-12-17,0900 UTC,28.0
2023-12-17,1000 UTC,
2023-12-17,1100 UTC,
2023-12-17,1200 UTC,
2023-12-17,1300 UTC,
2023-12-17,1400 UTC,
2023-12-17,1500 UTC,
2023-12-17,1600 UTC,
2023-12-17,1700 UTC,
2023-12-17,1800 UTC,
2023-12-17,1900 UTC,
2023-12-17,2000 UTC,
2023-12-17,2100 UTC,
2023-12-17,2200 UTC,31.0
2023-12-18,0900 UTC,
2023-12-18,1000 UTC,
2023-12-18,1100 UTC,
2023-12-18,1200 UTC,
2023-12-18,1300 UTC,
2023-12-18,1400 UTC,
2023-12-18,1500 UTC,
2023-12-18,1600 UTC,
2023-12-18,1700 UTC,
2023-12-18,1800 UTC,
2023-12-18,1900 UTC,1940.0
2023-12-18,2000 UTC,
2023-12-18,2100 UTC,
2023-12-18,2200 UTC,
2023-12-19,0900 UTC,
2023-12-19,1000 UTC,
2023-12-19,1100 UTC,
2023-12-19,1200 UTC,
2023-12-19,1300 UTC,
2023-12-19,1400 UTC,
2023-12-19,1500 UTC,
2023-12-19,1600 UTC,
2023-12-19,1700 UTC,
2023-12-19,1800 UTC,
2023-12-19,1900 UTC,
2023-12-19,2000 UTC,
2023-12-19,2100 UTC,382.0
2023-12-19,2200 UTC,
2023-12-20,0800 UTC,
2023-12-20,0900 UTC,
2023-12-20,1000 UTC,
2023-12-20,1100 UTC,
2023-12-20,1200 UTC,
2023-12-20,1300 UTC,
2023-12-20,1400 UTC,
2023-12-20,1500 UTC,
2023-12-20,1600 UTC,
2023-12-20,1700 UTC,
2023-12-20,1800 UTC,288.0
2023-12-20,1900 UTC,783.0
2023-12-20,2000 UTC,
2023-12-20,2100 UTC,
2023-12-20,2200 UTC,
2023-12-21,0900 UTC,
2023-12-21,1000 UTC,
2023-12-21,1100 UTC,
2023-12-21,1200 UTC,
2023-12-21,1300 UTC,
2023-12-21,1400 UTC,
2023-12-21,1500 UTC,
2023-12-21,1600 UTC,
2023-12-21,1700 UTC,
2023-12-21,1800 UTC,
2023-12-21,1900 UTC,603.0
2023-12-21,2000 UTC,
2023-12-21,2100 UTC,197.0
2023-12-21,2200 UTC,
2023-12-22,0900 UTC,
2023-12-22,1000 UTC,
2023-12-22,1100 UTC,
2023-12-22,1200 UTC,
2023-12-22,1300 UTC,
2023-12-22,1400 UTC,
2023-12-22,1500 UTC,
2023-12-22,1600 UTC,
2023-12-22,1700 UTC,
2023-12-22,1800 UTC,
2023-12-22,1900 UTC,
2023-12-22,2000 UTC,
2023-12-22,2100 UTC,
2023-12-22,2200 UTC,
2023-12-23,0900 UTC,
2023-12-23,1000 UTC,
2023-12-23,1100 UTC,390.0
2023-12-23,1200 UTC,
2023-12-23,1300 UTC,
2023-12-23,1400 UTC,
2023-12-23,1500 UTC,
2023-12-23,1600 UTC,
2023-12-23,1700 UTC,
2023-12-23,1800 UTC,
2023-12-23,1900 UTC,
2023-12-23,2000 UTC,
2023-12-23,2100 UTC,
2023-12-23,2200 UTC,
2023-12-24,0900 UTC,
2023-12-24,1000 UTC,
2023-12-24,1100 UTC,
2023-12-24,1200 UTC,
2023-12-24,1300 UTC,
2023-12-24,1400 UTC,
2023-12-24,1500 UTC,2092.0
2023-12-24,1600 UTC,
2023-12-24,1700 UTC,
2023-12-24,1800 UTC,
2023-12-24,1900 UTC,
2023-12-24,2000 UTC,308.0
2023-12-24,2100 UTC,
2023-12-24,2200 UTC,
2023-12-25,0900 UTC,
2023-12-25,1000 UTC,
2023-12-25,1100 UTC,
2023-12-25,1200 UTC,
2023-12-25,1300 UTC,
2023-12-25,1400 UTC,
2023-12-25,1500 UTC,3364.0
2023-12-25,1600 UTC,
2023-12-25,1700 UTC,3581.0
2023-12-25,1800 UTC,
2023-12-25,1900 UTC,
2023-12-25,2000 UTC,
2023-12-25,2100 UTC,41.0
2023-12-26,0900 UTC,
2023-12-26,1000 UTC,
2023-12-26,1100 UTC,
2023-12-26,1200 UTC,
2023-12-26,1300 UTC,
2023-12-26,1400 UTC,
2023-12-26,1500 UTC,
2023-12-26,1600 UTC,
2023-12-26,1700 UTC,
2023-12-26,1800 UTC,
2023-12-26,1900 UTC,
2023-12-26,2000 UTC,1773.0
2023-12-26,2100 UTC,
2023-12-26,2200 UTC,
2023-12-27,0900 UTC,
2023-12-27,1000 UTC,
2023-12-27,1100 UTC,
2023-12-27,1200 UTC,
2023-12-27,1300 UTC,
2023-12-27,1400 UTC,
2023-12-27,1500 UTC,
2023-12-27,1600 UTC,
2023-12-27,1700 UTC,
2023-12-27,1800 UTC,207.0
2023-12-27,1900 UTC,
2023-12-27,2000 UTC,
2023-12-27,2100 UTC,
2023-12-27,2200 UTC,
2023-12-28,0900 UTC,
2023-12-28,1000 UTC,
2023-12-28,1100 UTC,
2023-12-28,1200 UTC,
2023-12-28,1300 UTC,
2023-12-28,1400 UTC,
2023-12-28,1500 UTC,3086.0
2023-12-28,1600 UTC,
2023-12-28,1700 UTC,
2023-12-28,1800 UTC,
2023-12-28,1900 UTC,
2023-12-28,2000 UTC,
2023-12-28,2100 UTC,
2023-12-28,2200 UTC,
2023-12-29,0900 UTC,
2023-12-29,1000 UTC,
2023-12-29,1100 UTC,
2023-12-29,1200 UTC,
2023-12-29,1300 UTC,
2023-12-29,1400 UTC,
2023-12-29,1500 UTC,
2023-12-29,1600 UTC,
2023-12-29,1700 UTC,
2023-12-29,1800 UTC,
2023-12-29,1900 UTC,294.0
2023-12-29,2000 UTC,
2023-12-29,2100 UTC,
2023-12-29,2200 UTC,
2023-12-30,0900 UTC,
2023-12-30,1000 UTC,
2023-12-30,1100 UTC,
2023-12-30,1200 UTC,
2023-12-30,1300 UTC,2042.0
2023-12-30,1400 UTC,
2023-12-30,1500 UTC,
2023-12-30,1600 UTC,
2023-12-30,1700 UTC,
2023-12-30,1800 UTC,
2023-12-30,1900 UTC,
2023-12-30,2000 UTC,
2023-12-30,2100 UTC,
2023-12-30,2200 UTC,
2023-12-31,1000 UTC,
2023-12-31,1100 UTC,
2023-12-31,1200 UTC,
2023-12-31,1300 UTC,
2023-12-31,1400 UTC,
2023-12-31,1500 UTC,
2023-12-31,1600 UTC,
2023-12-31,1700 UTC,
2023-12-31,1800 UTC,
2023-12-31,1900 UTC,
2023-12-31,2000 UTC,
2023-12-31,2100 UTC,
2023-12-31,2200 UTC,
